-- MySQL dump 10.13  Distrib 8.0.17, for Win64 (x86_64)
--
-- Host: localhost    Database: liga2021
-- ------------------------------------------------------
-- Server version	8.0.17

/*!40101 SET @OLD_CHARACTER_SET_CLIENT=@@CHARACTER_SET_CLIENT */;
/*!40101 SET @OLD_CHARACTER_SET_RESULTS=@@CHARACTER_SET_RESULTS */;
/*!40101 SET @OLD_COLLATION_CONNECTION=@@COLLATION_CONNECTION */;
/*!50503 SET NAMES utf8mb4 */;
/*!40103 SET @OLD_TIME_ZONE=@@TIME_ZONE */;
/*!40103 SET TIME_ZONE='+00:00' */;
/*!40014 SET @OLD_UNIQUE_CHECKS=@@UNIQUE_CHECKS, UNIQUE_CHECKS=0 */;
/*!40014 SET @OLD_FOREIGN_KEY_CHECKS=@@FOREIGN_KEY_CHECKS, FOREIGN_KEY_CHECKS=0 */;
/*!40101 SET @OLD_SQL_MODE=@@SQL_MODE, SQL_MODE='NO_AUTO_VALUE_ON_ZERO' */;
/*!40111 SET @OLD_SQL_NOTES=@@SQL_NOTES, SQL_NOTES=0 */;

--
-- Table structure for table `arbitro`
--

DROP TABLE IF EXISTS `arbitro`;
/*!40101 SET @saved_cs_client     = @@character_set_client */;
/*!50503 SET character_set_client = utf8mb4 */;
CREATE TABLE `arbitro` (
  `id_arbitro` tinyint(3) unsigned NOT NULL AUTO_INCREMENT,
  `nombre` varchar(100) CHARACTER SET utf8 COLLATE utf8_unicode_ci DEFAULT NULL,
  PRIMARY KEY (`id_arbitro`)
) ENGINE=InnoDB DEFAULT CHARSET=utf8 COLLATE=utf8_unicode_ci;
/*!40101 SET character_set_client = @saved_cs_client */;

--
-- Dumping data for table `arbitro`
--

LOCK TABLES `arbitro` WRITE;
/*!40000 ALTER TABLE `arbitro` DISABLE KEYS */;
/*!40000 ALTER TABLE `arbitro` ENABLE KEYS */;
UNLOCK TABLES;

--
-- Table structure for table `cambio`
--

DROP TABLE IF EXISTS `cambio`;
/*!40101 SET @saved_cs_client     = @@character_set_client */;
/*!50503 SET character_set_client = utf8mb4 */;
CREATE TABLE `cambio` (
  `id_cambio` int(10) unsigned NOT NULL AUTO_INCREMENT,
  `minuto` tinyint(3) unsigned DEFAULT NULL,
  `id_partido` smallint(5) unsigned DEFAULT NULL,
  `id_jugador_sale` mediumint(8) unsigned DEFAULT NULL,
  `id_jugador_entra` mediumint(8) unsigned DEFAULT NULL,
  PRIMARY KEY (`id_cambio`),
  KEY `cambio_fk` (`id_partido`),
  KEY `cambio_fk_1` (`id_jugador_sale`),
  KEY `cambio_fk_2` (`id_jugador_entra`),
  CONSTRAINT `cambio_fk` FOREIGN KEY (`id_partido`) REFERENCES `partido` (`id_partido`) ON DELETE CASCADE ON UPDATE CASCADE,
  CONSTRAINT `cambio_fk_1` FOREIGN KEY (`id_jugador_sale`) REFERENCES `jugador` (`id_jugador`) ON DELETE SET NULL ON UPDATE CASCADE,
  CONSTRAINT `cambio_fk_2` FOREIGN KEY (`id_jugador_entra`) REFERENCES `jugador` (`id_jugador`) ON DELETE SET NULL ON UPDATE CASCADE
) ENGINE=InnoDB DEFAULT CHARSET=utf8mb4 COLLATE=utf8mb4_0900_ai_ci;
/*!40101 SET character_set_client = @saved_cs_client */;

--
-- Dumping data for table `cambio`
--

LOCK TABLES `cambio` WRITE;
/*!40000 ALTER TABLE `cambio` DISABLE KEYS */;
/*!40000 ALTER TABLE `cambio` ENABLE KEYS */;
UNLOCK TABLES;

--
-- Table structure for table `equipo`
--

DROP TABLE IF EXISTS `equipo`;
/*!40101 SET @saved_cs_client     = @@character_set_client */;
/*!50503 SET character_set_client = utf8mb4 */;
CREATE TABLE `equipo` (
  `id_equipo` tinyint(3) unsigned NOT NULL AUTO_INCREMENT,
  `nombre` varchar(100) CHARACTER SET utf8 COLLATE utf8_unicode_ci NOT NULL,
  `nombre_completo` varchar(100) CHARACTER SET utf8 COLLATE utf8_unicode_ci DEFAULT NULL,
  `fundacion` smallint(4) unsigned DEFAULT NULL,
  `presidente` varchar(100) CHARACTER SET utf8 COLLATE utf8_unicode_ci DEFAULT NULL,
  `escudo` varchar(50) CHARACTER SET utf8 COLLATE utf8_unicode_ci DEFAULT NULL,
  `entrenador` varchar(100) CHARACTER SET utf8 COLLATE utf8_unicode_ci DEFAULT NULL,
  `id_estadio` tinyint(3) unsigned DEFAULT NULL,
  `telefono` varchar(100) CHARACTER SET utf8 COLLATE utf8_unicode_ci DEFAULT NULL,
  `direccion` varchar(100) CHARACTER SET utf8 COLLATE utf8_unicode_ci DEFAULT NULL,
  `web` varchar(100) CHARACTER SET utf8 COLLATE utf8_unicode_ci DEFAULT NULL,
  PRIMARY KEY (`id_equipo`),
  KEY `Equipo_FK` (`id_estadio`),
  CONSTRAINT `Equipo_FK` FOREIGN KEY (`id_estadio`) REFERENCES `estadio` (`id_estadio`) ON DELETE SET NULL
) ENGINE=InnoDB AUTO_INCREMENT=21 DEFAULT CHARSET=utf8 COLLATE=utf8_unicode_ci;
/*!40101 SET character_set_client = @saved_cs_client */;

--
-- Dumping data for table `equipo`
--

LOCK TABLES `equipo` WRITE;
/*!40000 ALTER TABLE `equipo` DISABLE KEYS */;
INSERT INTO `equipo` VALUES (1,'Athletic','Athletic Club',1898,'Aitor Elizegi','77.svg','Gaizka Garitano',1,'+34 (944) 240877','Ibaigane, Alameda Mazarredo, 23 Bilbao 48009','http://www.athletic-club.eus'),(2,'Atlético','Club Atlético de Madrid',1903,'Enrique Cerezo Torres','78.svg','Diego Simeone',2,'+34 (913) 669048','Paseo Virgen del Puerto, 67 Madrid 28005','http://www.clubatleticodemadrid.com'),(3,'Osasuna','CA Osasuna',1920,'Luis Sabalza','79.svg','Jagoba Arrasate',3,'+34 (948) 152636','Calle del Sadar, s/n Pamplona 31006','http://www.osasuna.es'),(4,'Barcelona','FC Barcelona',1899,'Josep Maria Bartomeu','81.svg','Ronald Koeman',4,'+34 (902) 189900','Avenida Arístides Maillol s/n Barcelona 08028','http://www.fcbarcelona.com'),(5,'Getafe','Getafe CF',1946,'Ángel Torres Sánchez','82.svg','Pepe Bordalás',5,'+34 (916) 959643','Avenida Teresa de Calcuta, s/n Getafe 28903','http://www.getafecf.com'),(6,'Granada','Granada CF',1931,'Yi Rentao','83.svg','Diego Martinez',6,'+34 (958) 253300','Calle del Pintor Manuel Maldonado, s/n Granada 18007','http://www.granadacf.es'),(7,'Real Madrid','Real Madrid CF',1902,'Florentino Pérez Rodríguez','86.svg','Zinédine Zidane',7,'+34 (913) 984300','Avenida Concha Espina, 1 Madrid 28036','http://www.realmadrid.com'),(8,'Levante','Levante UD',1909,'Francisco Javier Catalán','88.svg','Paco López',8,'+34 (902) 220304','Calle San Vicente de Paúl, 44 Valencia 46019','http://www.levanteud.com'),(9,'Betis','Real Betis Balompié',1907,'Ángel Haro García','90.svg','Manuel Pellegrini',9,'+34 (902) 191907','Avenida de Heliópolis, s/n Sevilla 41012','http://www.realbetisbalompie.es'),(10,'Real Sociedad','Real Sociedad de Fútbol',1903,'Jokin Aperribay Bedialauneta','92.svg','Imanol Alguacil',10,'+34 (943) 462833','Anoeta Pasalekua, 1 San Sebastián 20014','http://www.realsociedad.com'),(11,'Villarreal','Villarreal CF',1923,'Fernando Roig Alfonso','94.svg','Unai Emery',11,'+34 (964) 500250','Camino Miralcamp, s/n Villarreal 12540','http://www.villarrealcf.es'),(12,'Valencia','Valencia CF',1919,'Anil Murthy','95.svg','Javi Gracia',12,'+34 (902) 011919','Plaza del Valencia Club de Fútbol, 2 Valencia 46010','http://www.valenciacf.com'),(13,'Valladolid','Real Valladolid CF',1928,'Ronaldo Nazario De Lima','250.svg','Sergio González',13,'+34 (983) 360342','Avenida del Mundial, 82 Valladolid 47014','http://www.realvalladolid.es'),(14,'Alavés','Deportivo Alavés',1921,'Alfonso Fernández De Trocóniz','263.svg','Pablo Machín',14,'+34 (945) 131018','Mendizorroza, Paseo Cervantes, s/n Vitoria 01007','http://www.alaves.com'),(15,'Cádiz','Cádiz CF',1910,'Manuel Vizcaíno Fernández','264.svg','Álvaro Cervera',15,'+34 (956) 070165','Plaza de Madrid, s/n Cádiz 11010','http://www.cadizcf.com'),(16,'Eibar','SD Eibar',1940,'Amaia Gorostiza','278.svg','José Luis Mendilibar',16,'+34 (943) 201831','Ipurua Kalea, 2 Eibar 20600','http://www.sdeibar.com'),(17,'Elche','Elche CF',1923,'Joaquín Buitrago','285.svg','Jorge Almirón',17,'+34 (965) 459714','Avenida Manuel Martínez Valero, 3 Elche 03208','http://www.elchecf.es'),(18,'Huesca','SD Huesca',1910,'Manolo Torres','299.svg','Míchel',18,'+34 (974) 212679','Calle Cocoron, s/n Huesca 22004','http://www.sdhuesca.es'),(19,'Celta','RC Celta de Vigo',1923,'Carlos Mouriño Atanes','558.svg','Óscar García',19,'+34 (986) 110900','Calle del Conde de Gondomar, 1 Vigo 36203','http://www.celtavigo.net'),(20,'Sevilla','Sevilla FC',1905,'Pepe Castro','559.svg','Julen Lopetegui',20,'+34 (902) 510011','Calle Sevilla Fútbol Club, s/n Sevilla 41005','http://www.sevillafc.es');
/*!40000 ALTER TABLE `equipo` ENABLE KEYS */;
UNLOCK TABLES;

--
-- Table structure for table `estadio`
--

DROP TABLE IF EXISTS `estadio`;
/*!40101 SET @saved_cs_client     = @@character_set_client */;
/*!50503 SET character_set_client = utf8mb4 */;
CREATE TABLE `estadio` (
  `id_estadio` tinyint(3) unsigned NOT NULL AUTO_INCREMENT,
  `nombre` varchar(100) CHARACTER SET utf8 COLLATE utf8_unicode_ci NOT NULL,
  `capacidad` int(10) unsigned DEFAULT NULL,
  `dimensiones` varchar(100) CHARACTER SET utf8 COLLATE utf8_unicode_ci DEFAULT NULL,
  `construccion` smallint(5) unsigned DEFAULT NULL,
  `imagen` varchar(100) CHARACTER SET utf8 COLLATE utf8_unicode_ci DEFAULT NULL,
  PRIMARY KEY (`id_estadio`)
) ENGINE=InnoDB AUTO_INCREMENT=21 DEFAULT CHARSET=utf8 COLLATE=utf8_unicode_ci;
/*!40101 SET character_set_client = @saved_cs_client */;

--
-- Dumping data for table `estadio`
--

LOCK TABLES `estadio` WRITE;
/*!40000 ALTER TABLE `estadio` DISABLE KEYS */;
INSERT INTO `estadio` VALUES (1,'San Mamés',53332,'105 x 68 metros',2013,''),(2,'Estadio Wanda Metropolitano',68000,'105x70 metros',2017,''),(3,'Estadio El Sadar',18761,'105 x 67,5 metros',1967,''),(4,'Camp Nou',99787,'105 x 68 metros',1957,''),(5,'Coliseum Alfonso Pérez',17700,'105 x 68 metros',1998,''),(6,'Estadio Nuevo Los Cármenes',19336,'105 x 69 metros',1995,''),(7,'Estadio Alfredo Di Stéfano',85454,'105 x 66 metros',1947,''),(8,'Estadio Ciudad de Valencia',25354,'107 x 69 metros',1969,''),(9,'Estadio Benito Villamarín',60721,'105 x 68 metros',1929,''),(10,'Estadio Municipal de Anoeta',32076,'105 x 70 metros',1993,''),(11,'Estadio de la Cerámica',24500,'105 x 68 metros',1923,''),(12,'Estadio de Mestalla',55000,'105 x 68 metros',1923,''),(13,'Estadio Municipal José Zorrilla',26512,'105 x 68 metros',1982,''),(14,'Estadio de Mendizorroza',19940,'105 x 67 metros',1924,''),(15,'Estadio Ramón de Carranza',25033,'106 x 68 metros',1955,''),(16,'Estadio Municipal de Ipurúa',8164,'103 x 65 metros',1947,''),(17,'Estadio Manuel Martínez Valero',33732,'108 x 70 metros',1976,''),(18,'Estadio El Alcoraz',7638,'105 x 68 metros',1972,''),(19,'Estadio de Balaídos',28700,'105 x 69 metros',1928,''),(20,'Estadio Ramón Sánchez Pizjuán',42714,'105 x 68 metros',1958,'');
/*!40000 ALTER TABLE `estadio` ENABLE KEYS */;
UNLOCK TABLES;

--
-- Table structure for table `estadistica`
--

DROP TABLE IF EXISTS `estadistica`;
/*!40101 SET @saved_cs_client     = @@character_set_client */;
/*!50503 SET character_set_client = utf8mb4 */;
CREATE TABLE `estadistica` (
  `id_estadistica` int(10) unsigned NOT NULL AUTO_INCREMENT,
  `puntos` tinyint(3) unsigned DEFAULT '0',
  `puntos_casa` tinyint(3) unsigned DEFAULT '0',
  `puntos_fuera` tinyint(3) unsigned DEFAULT '0',
  `jugados` tinyint(3) unsigned DEFAULT '0',
  `jugados_casa` tinyint(3) unsigned DEFAULT '0',
  `jugados_fuera` tinyint(3) unsigned DEFAULT '0',
  `ganados` tinyint(3) unsigned DEFAULT '0',
  `ganados_casa` tinyint(3) unsigned DEFAULT '0',
  `ganados_fuera` tinyint(3) unsigned DEFAULT '0',
  `empatados` tinyint(3) unsigned DEFAULT '0',
  `empatados_casa` tinyint(3) unsigned DEFAULT '0',
  `emptados_fuera` tinyint(3) unsigned DEFAULT '0',
  `perdidos` tinyint(3) unsigned DEFAULT '0',
  `perdidos_casa` tinyint(3) unsigned DEFAULT '0',
  `perdidos_fuera` tinyint(3) unsigned DEFAULT '0',
  `goles_favor` tinyint(3) unsigned DEFAULT '0',
  `goles_favor_casa` tinyint(3) unsigned DEFAULT '0',
  `goles_favor_fuera` tinyint(3) unsigned DEFAULT '0',
  `goles_contra` tinyint(3) unsigned DEFAULT '0',
  `goles_contra_casa` tinyint(3) unsigned DEFAULT '0',
  `goles_contra_fuera` tinyint(3) unsigned DEFAULT '0',
  `id_equipo` tinyint(3) unsigned DEFAULT NULL,
  `id_jornada` tinyint(3) unsigned DEFAULT NULL,
  PRIMARY KEY (`id_estadistica`),
  KEY `estadistica_fk` (`id_equipo`),
  KEY `estadistica_fk_1` (`id_jornada`),
  CONSTRAINT `estadistica_fk` FOREIGN KEY (`id_equipo`) REFERENCES `equipo` (`id_equipo`) ON DELETE CASCADE ON UPDATE CASCADE,
  CONSTRAINT `estadistica_fk_1` FOREIGN KEY (`id_jornada`) REFERENCES `jornada` (`id_jornada`) ON DELETE CASCADE ON UPDATE CASCADE
) ENGINE=InnoDB DEFAULT CHARSET=utf8mb4 COLLATE=utf8mb4_0900_ai_ci;
/*!40101 SET character_set_client = @saved_cs_client */;

--
-- Dumping data for table `estadistica`
--

LOCK TABLES `estadistica` WRITE;
/*!40000 ALTER TABLE `estadistica` DISABLE KEYS */;
/*!40000 ALTER TABLE `estadistica` ENABLE KEYS */;
UNLOCK TABLES;

--
-- Table structure for table `gol`
--

DROP TABLE IF EXISTS `gol`;
/*!40101 SET @saved_cs_client     = @@character_set_client */;
/*!50503 SET character_set_client = utf8mb4 */;
CREATE TABLE `gol` (
  `id_gol` int(10) unsigned NOT NULL AUTO_INCREMENT,
  `minuto` smallint(5) unsigned NOT NULL,
  `penalti` bit(1) DEFAULT b'0',
  `propia_meta` bit(1) DEFAULT b'0',
  `id_jugador` mediumint(8) unsigned DEFAULT NULL,
  `id_partido` smallint(5) unsigned DEFAULT NULL,
  PRIMARY KEY (`id_gol`),
  KEY `gol_fk` (`id_jugador`),
  KEY `gol_fk_1` (`id_partido`),
  CONSTRAINT `gol_fk` FOREIGN KEY (`id_jugador`) REFERENCES `jugador` (`id_jugador`) ON DELETE SET NULL ON UPDATE CASCADE,
  CONSTRAINT `gol_fk_1` FOREIGN KEY (`id_partido`) REFERENCES `partido` (`id_partido`) ON DELETE CASCADE ON UPDATE CASCADE
) ENGINE=InnoDB DEFAULT CHARSET=utf8mb4 COLLATE=utf8mb4_0900_ai_ci;
/*!40101 SET character_set_client = @saved_cs_client */;

--
-- Dumping data for table `gol`
--

LOCK TABLES `gol` WRITE;
/*!40000 ALTER TABLE `gol` DISABLE KEYS */;
/*!40000 ALTER TABLE `gol` ENABLE KEYS */;
UNLOCK TABLES;

--
-- Table structure for table `jornada`
--

DROP TABLE IF EXISTS `jornada`;
/*!40101 SET @saved_cs_client     = @@character_set_client */;
/*!50503 SET character_set_client = utf8mb4 */;
CREATE TABLE `jornada` (
  `id_jornada` tinyint(3) unsigned NOT NULL AUTO_INCREMENT,
  `fecha_inicio` date DEFAULT NULL,
  `fecha_fin` date DEFAULT NULL,
  PRIMARY KEY (`id_jornada`)
) ENGINE=InnoDB AUTO_INCREMENT=39 DEFAULT CHARSET=utf8 COLLATE=utf8_unicode_ci;
/*!40101 SET character_set_client = @saved_cs_client */;

--
-- Dumping data for table `jornada`
--

LOCK TABLES `jornada` WRITE;
/*!40000 ALTER TABLE `jornada` DISABLE KEYS */;
INSERT INTO `jornada` VALUES (1,NULL,NULL),(2,NULL,NULL),(3,NULL,NULL),(4,NULL,NULL),(5,NULL,NULL),(6,NULL,NULL),(7,NULL,NULL),(8,NULL,NULL),(9,NULL,NULL),(10,NULL,NULL),(11,NULL,NULL),(12,NULL,NULL),(13,NULL,NULL),(14,NULL,NULL),(15,NULL,NULL),(16,NULL,NULL),(17,NULL,NULL),(18,NULL,NULL),(19,NULL,NULL),(20,NULL,NULL),(21,NULL,NULL),(22,NULL,NULL),(23,NULL,NULL),(24,NULL,NULL),(25,NULL,NULL),(26,NULL,NULL),(27,NULL,NULL),(28,NULL,NULL),(29,NULL,NULL),(30,NULL,NULL),(31,NULL,NULL),(32,NULL,NULL),(33,NULL,NULL),(34,NULL,NULL),(35,NULL,NULL),(36,NULL,NULL),(37,NULL,NULL),(38,NULL,NULL);
/*!40000 ALTER TABLE `jornada` ENABLE KEYS */;
UNLOCK TABLES;

--
-- Table structure for table `jugador`
--

DROP TABLE IF EXISTS `jugador`;
/*!40101 SET @saved_cs_client     = @@character_set_client */;
/*!50503 SET character_set_client = utf8mb4 */;
CREATE TABLE `jugador` (
  `id_jugador` mediumint(8) unsigned NOT NULL AUTO_INCREMENT,
  `nombre` varchar(100) CHARACTER SET utf8 COLLATE utf8_unicode_ci NOT NULL,
  `dorsal` tinyint(3) unsigned DEFAULT '0',
  `posicion` enum('POR','DEF','MED','DEL') CHARACTER SET utf8 COLLATE utf8_unicode_ci DEFAULT NULL,
  `fecha_nacimiento` date DEFAULT NULL,
  `peso` tinyint(3) unsigned DEFAULT '0',
  `altura` tinyint(3) unsigned DEFAULT '0',
  `apodo` varchar(20) CHARACTER SET utf8 COLLATE utf8_unicode_ci DEFAULT NULL,
  `nacionalidad` varchar(100) CHARACTER SET utf8 COLLATE utf8_unicode_ci DEFAULT NULL,
  `id_equipo` tinyint(3) unsigned DEFAULT NULL,
  `pais_nacimiento` varchar(100) CHARACTER SET utf8 COLLATE utf8_unicode_ci DEFAULT NULL,
  `imagen` varchar(100) CHARACTER SET utf8 COLLATE utf8_unicode_ci DEFAULT NULL,
  PRIMARY KEY (`id_jugador`),
  KEY `jugador_FK` (`id_equipo`),
  CONSTRAINT `jugador_FK` FOREIGN KEY (`id_equipo`) REFERENCES `equipo` (`id_equipo`) ON DELETE SET NULL
) ENGINE=InnoDB AUTO_INCREMENT=5004872 DEFAULT CHARSET=utf8 COLLATE=utf8_unicode_ci;
/*!40101 SET character_set_client = @saved_cs_client */;

--
-- Dumping data for table `jugador`
--

LOCK TABLES `jugador` WRITE;
/*!40000 ALTER TABLE `jugador` DISABLE KEYS */;
INSERT INTO `jugador` VALUES (2100,'Toni Kroos',8,'MED','1990-01-03',71,182,'T. Kroos','Alemania',7,'Alemania','https://thumb.resfu.com/img_data/players/medium/2100.jpg'),(2139,'Ivan Rakitić',10,'MED','1988-03-09',79,184,'I. Rakitić','Croacia',20,'Croacia','https://thumb.resfu.com/img_data/players/medium/2139.jpg'),(3175,'Papakouli Diop',8,'MED','1986-03-18',73,180,'P. Diop','Senegal',16,'Senegal','https://thumb.resfu.com/img_data/players/medium/3175.jpg'),(3270,'Miralem Pjanic',8,'MED','1990-04-01',68,180,'M. Pjanić','Bosnia-Herzegovina',4,'Bosnia-Herzegovina','https://thumb.resfu.com/img_data/players/medium/3270.jpg'),(3318,'Karim Mostafa Benzema',9,'DEL','1987-12-18',79,187,'K. Benzema','Francia',7,'Francia','https://thumb.resfu.com/img_data/players/medium/3318.jpg'),(3354,'Kevin Gameiro',9,'DEL','1987-05-08',69,172,'K. Gameiro','Francia',12,'Francia','https://thumb.resfu.com/img_data/players/medium/3354.jpg'),(7342,'Raúl Albiol Tortajada',3,'DEF','1985-09-03',82,190,'R. Albiol','España',11,'España','https://thumb.resfu.com/img_data/players/medium/7342.jpg'),(7408,'Iago Aspas Juncal',10,'DEL','1987-07-31',67,176,'Iago Aspas','España',19,'España','https://thumb.resfu.com/img_data/players/medium/7408.jpg'),(13324,'Álvaro Negredo Sánchez',18,'DEL','1985-08-19',85,186,'Á. Negredo','España',15,'España','https://thumb.resfu.com/img_data/players/medium/13324.jpg'),(15030,'Daniel Wass',18,'DEF','1989-05-30',74,181,'D. Wass','Dinamarca',12,'Dinamarca','https://thumb.resfu.com/img_data/players/medium/15030.jpg'),(17665,'Sidnei Rechel Da Silva Junior',12,'DEF','1989-08-22',80,185,'Sidnei','Brasil',9,'Brasil','https://thumb.resfu.com/img_data/players/medium/17665.jpg'),(18347,'Shinji Okazaki',12,'DEL','1986-04-15',70,174,'Okazaki','Japón',18,'Japón','https://thumb.resfu.com/img_data/players/medium/18347.jpg'),(21292,'Eden Hazard',7,'DEL','1991-01-06',69,173,'E. Hazard','Bélgica',7,'Bélgica','https://thumb.resfu.com/img_data/players/medium/21292.jpg'),(23341,'Sergio Ramos García',4,'DEF','1986-03-29',73,183,'Sergio Ramos','España',7,'España','https://thumb.resfu.com/img_data/players/medium/23341.jpg'),(23343,'Marcelo Vieira Da Silva Júnior',12,'DEF','1988-05-11',73,174,'Marcelo','Brasil, España',7,'Brasil','https://thumb.resfu.com/img_data/players/medium/23343.jpg'),(23382,'David Josué Jiménez Silva',21,'MED','1986-01-07',67,170,'D. Silva','España',10,'España','https://thumb.resfu.com/img_data/players/medium/23382.jpg'),(23384,'Joaquín Sánchez Rodríguez',17,'MED','1981-07-20',75,179,'Joaquín','España',9,'España','https://thumb.resfu.com/img_data/players/medium/23384.jpg'),(23519,'Roberto Soldado Rillo',9,'DEL','1985-05-26',81,179,'R. Soldado','España',6,'España','https://thumb.resfu.com/img_data/players/medium/23519.jpg'),(23527,'Raúl García Escudero',22,'MED','1986-07-10',80,183,'Raúl García','España',1,'España','https://thumb.resfu.com/img_data/players/medium/23527.jpg'),(23560,'Gerard Piqué Bernabéu',3,'DEF','1987-02-01',85,192,'G. Piqué','España',4,'España','https://thumb.resfu.com/img_data/players/medium/23560.jpg'),(23569,'Lionel Andrés Messi Cuccittini',10,'DEL','1987-06-23',72,170,'L. Messi','Argentina, España',4,'Argentina','https://thumb.resfu.com/img_data/players/medium/23569.jpg'),(23581,'José Andrés Guardado Hernández',18,'MED','1986-09-27',60,169,'A. Guardado','México, España',9,'México','https://thumb.resfu.com/img_data/players/medium/23581.jpg'),(23625,'Borja García Freire',24,'MED','1990-11-01',73,173,'Borja García','España',18,'España','https://thumb.resfu.com/img_data/players/medium/23625.jpg'),(23636,'Claudio Andrés Bravo Muñoz',25,'POR','1983-04-12',84,184,'C. Bravo','Chile',9,'Chile','https://thumb.resfu.com/img_data/players/medium/23636.jpg'),(23744,'Juan Francisco Martínez Modesto',7,'DEL','1980-06-09',68,169,'Nino','España',17,'España','https://thumb.resfu.com/img_data/players/medium/23744.jpg'),(23824,'Roberto Jiménez Gago',13,'POR','1986-02-09',93,192,'Roberto','España',13,'España','https://thumb.resfu.com/img_data/players/medium/23824.jpg'),(24020,'Pedro León Sánchez Gil',21,'MED','1986-11-23',70,182,'Pedro León','España',16,'España','https://thumb.resfu.com/img_data/players/medium/24020.jpg'),(26968,'Luka Modrić',10,'MED','1985-09-08',67,175,'L. Modrić','Croacia',7,'Croacia','https://thumb.resfu.com/img_data/players/medium/26968.jpg'),(27015,'Pedro López Muñoz',19,'DEF','1983-10-31',72,174,'Pedro López','España',18,'España','https://thumb.resfu.com/img_data/players/medium/27015.jpg'),(27033,'Ignacio Monreal Eraso',20,'DEF','1986-02-25',72,179,'I. Monreal','España',10,'España','https://thumb.resfu.com/img_data/players/medium/27033.jpg'),(27037,'Oier Sanjurjo Mate',6,'MED','1986-05-24',66,178,'Oier','España',3,'España','https://thumb.resfu.com/img_data/players/medium/27037.jpg'),(27050,'Jesús Navas González',16,'DEF','1985-11-20',60,170,'J. Navas','España',20,'España','https://thumb.resfu.com/img_data/players/medium/27050.jpg'),(27059,'Sergio Busquets I Burgos',5,'MED','1988-07-15',73,189,'S. Busquets','España',4,'España','https://thumb.resfu.com/img_data/players/medium/27059.jpg'),(27207,'Miguel Alfonso Herrero Javaloyas',21,'MED','1988-07-28',69,181,'Míchel','España',13,'España','https://thumb.resfu.com/img_data/players/medium/27207.jpg'),(27398,'Jorge Andújar Moreno',23,'DEF','1987-04-25',78,182,'Coke','España',8,'España','https://thumb.resfu.com/img_data/players/medium/27398.jpg'),(27456,'Ángel Montoro Sánchez',19,'MED','1988-06-24',77,182,'Montoro','España',6,'España','https://thumb.resfu.com/img_data/players/medium/27456.jpg'),(27594,'Mario Gaspar Pérez Martínez',2,'DEF','1990-11-23',74,182,'Mario Gaspar','España',11,'España','https://thumb.resfu.com/img_data/players/medium/27594.jpg'),(27930,'Enrique García Martínez',17,'DEL','1989-11-24',79,186,'Kike','España',16,'España','https://thumb.resfu.com/img_data/players/medium/27930.jpg'),(28004,'Andrés Eduardo Fernández Moreno',25,'POR','1986-12-16',86,184,'Andrés Fernández','España',18,'España','https://thumb.resfu.com/img_data/players/medium/28004.jpg'),(28102,'Iago Herrerín Buisán',25,'POR','1988-01-24',82,188,'I. Herrerín','España',1,'España','https://thumb.resfu.com/img_data/players/medium/28102.jpg'),(28107,'Sergio Asenjo Andrés',1,'POR','1989-06-27',70,189,'S. Asenjo','España',11,'España','https://thumb.resfu.com/img_data/players/medium/28107.jpg'),(28108,'Adrián López Álvarez',20,'DEL','1988-01-07',71,180,'Adrián','España',3,'España','https://thumb.resfu.com/img_data/players/medium/28108.jpg'),(28113,'Jordi Alba Ramos',18,'DEF','1989-03-20',67,169,'Jordi Alba','España',4,'España','https://thumb.resfu.com/img_data/players/medium/28113.jpg'),(28178,'Diego Da Silva Costa',19,'DEL','1988-10-06',86,188,'Diego Costa','España',2,'España','https://thumb.resfu.com/img_data/players/medium/28178.jpg'),(28231,'Antonio Juan Barragán Fernández',19,'DEF','1987-06-11',76,182,'A. Barragán','España',17,'España','https://thumb.resfu.com/img_data/players/medium/28231.jpg'),(28767,'Miguel Ángel Moyá Rumbo',13,'POR','1984-04-01',75,185,'M. Moyá','España',10,'España','https://thumb.resfu.com/img_data/players/medium/28767.jpg'),(28993,'Manuel Alejandro García Sánchez',19,'MED','1986-04-25',74,182,'Manu García','España',14,'España','https://thumb.resfu.com/img_data/players/medium/28993.jpg'),(29279,'Mikel Rico Moreno',17,'MED','1984-11-03',75,182,'Mikel Rico','España',18,'España','https://thumb.resfu.com/img_data/players/medium/29279.jpg'),(29348,'Vicente Iborra De La Fuente',10,'MED','1988-01-15',76,190,'V. Iborra','España',11,'España','https://thumb.resfu.com/img_data/players/medium/29348.jpg'),(29364,'Daniel Parejo Muñoz',5,'MED','1989-04-15',74,182,'D. Parejo','España',11,'España','https://thumb.resfu.com/img_data/players/medium/29364.jpg'),(29460,'Jordi Masip López',1,'POR','1989-01-02',70,180,'J. Masip','España',13,'España','https://thumb.resfu.com/img_data/players/medium/29460.jpg'),(29478,'Rubén Rochina Naixes',16,'MED','1991-03-22',74,179,'R. Rochina','España',8,'España','https://thumb.resfu.com/img_data/players/medium/29478.jpg'),(29685,'Luis Alberto Suárez Díaz',9,'DEL','1987-01-23',81,181,'L. Suárez','Uruguay, Italia',2,'Uruguay','https://thumb.resfu.com/img_data/players/medium/29685.jpg'),(29731,'Rubén Iván Martínez Andrade',13,'POR','1984-06-21',80,187,'Rubén','España',3,'España','https://thumb.resfu.com/img_data/players/medium/29731.jpg'),(29871,'Luuk De Jong',9,'DEL','1990-08-26',80,188,'L. De Jong','Países Bajos, Suiza',20,'Países Bajos','https://thumb.resfu.com/img_data/players/medium/29871.jpg'),(29928,'Iker Muniain Goñi',10,'DEL','1992-12-18',63,168,'I. Muniain','España',1,'España','https://thumb.resfu.com/img_data/players/medium/29928.jpg'),(29935,'Francisco Portillo Soler',8,'MED','1990-06-12',63,169,'F. Portillo','España',5,'España','https://thumb.resfu.com/img_data/players/medium/29935.jpg'),(29955,'Xabier Etxeita Gorritxategi',4,'DEF','1987-10-30',79,185,'X. Etxeita','España',5,'España','https://thumb.resfu.com/img_data/players/medium/29955.jpg'),(29964,'Mikel Balenziaga Oruesagasti',24,'DEF','1988-02-28',70,176,'M. Balenziaga','España',1,'España','https://thumb.resfu.com/img_data/players/medium/29964.jpg'),(29973,'Óscar De Marcos Arana',18,'DEF','1989-04-13',76,180,'Ó. De Marcos','España',1,'España','https://thumb.resfu.com/img_data/players/medium/29973.jpg'),(30048,'Nemanja Gudelj',6,'MED','1991-11-15',73,177,'N. Gudelj','Serbia',20,'Serbia','https://thumb.resfu.com/img_data/players/medium/30048.jpg'),(30563,'Jorge Molina Vidal',23,'DEL','1982-04-21',87,189,'Jorge Molina','España',6,'España','https://thumb.resfu.com/img_data/players/medium/30563.jpg'),(30728,'Ángel Luis Rodríguez Díaz',9,'DEL','1987-04-25',65,172,'Ángel','España',5,'España','https://thumb.resfu.com/img_data/players/medium/30728.jpg'),(30878,'Sergio Álvarez Conde',25,'POR','1986-08-02',75,179,'Sergio Álvarez','España',19,'España','https://thumb.resfu.com/img_data/players/medium/30878.jpg'),(30960,'Ibai Gómez Pérez',7,'DEL','1989-11-10',72,177,'Ibai Gómez','España',1,'España','https://thumb.resfu.com/img_data/players/medium/30960.jpg'),(31080,'German Sánchez Barahona',6,'DEF','1986-12-11',82,185,'Germán','España',6,'España','https://thumb.resfu.com/img_data/players/medium/31080.jpg'),(31246,'Roberto Torres Morales',10,'MED','1989-03-06',69,176,'Roberto Torres','España',3,'España','https://thumb.resfu.com/img_data/players/medium/31246.jpg'),(31686,'Yuri Berchiche Izeta',17,'DEF','1990-02-09',77,181,'Yuri','España, Argelia',1,'España','https://thumb.resfu.com/img_data/players/medium/31686.jpg'),(31720,'David Ferreiro Quiroga',7,'DEL','1988-03-31',63,170,'David Ferreiro','España',18,'España','https://thumb.resfu.com/img_data/players/medium/31720.jpg'),(32019,'Víctor Machín Pérez',20,'DEL','1989-11-01',79,185,'Vitolo','España',2,'España','https://thumb.resfu.com/img_data/players/medium/32019.jpg'),(32270,'Álvaro Giménez Candela',21,'DEL','1991-05-18',80,182,'Álvaro Giménez','España',15,'España','https://thumb.resfu.com/img_data/players/medium/32270.jpg'),(32465,'Antoine Griezmann',7,'DEL','1991-03-20',73,176,'A. Griezmann','Francia',4,'Francia','https://thumb.resfu.com/img_data/players/medium/32465.jpg'),(32765,'José Antonio Fernández Pomares',17,'DEL','1989-12-02',68,175,'Josan','España',17,'España','https://thumb.resfu.com/img_data/players/medium/32765.jpg'),(32794,'Facundo Sebastián Roncaglia',12,'DEF','1987-02-09',76,179,'F. Roncaglia','Argentina',3,'Argentina','https://thumb.resfu.com/img_data/players/medium/32794.jpg'),(32947,'Fabián Ariel Orellana Valenzuela',12,'DEL','1986-01-26',68,169,'F. Orellana','Chile',13,'Chile','https://thumb.resfu.com/img_data/players/medium/32947.jpg'),(33502,'Yoel Rodríguez Oterino',13,'POR','1988-08-27',78,186,'Yoel','España',16,'España','https://thumb.resfu.com/img_data/players/medium/33502.jpg'),(33530,'Pedro Mosquera Parada',5,'MED','1988-04-20',77,184,'P. Mosquera','España',18,'España','https://thumb.resfu.com/img_data/players/medium/33530.jpg'),(33646,'Joel Robles Blázquez',1,'POR','1990-06-16',78,195,'Joel','España',9,'España','https://thumb.resfu.com/img_data/players/medium/33646.jpg'),(33652,'Jorge Pulido Mayoral',14,'DEF','1991-04-07',78,186,'J. Pulido','España',18,'España','https://thumb.resfu.com/img_data/players/medium/33652.jpg'),(33661,'Jorge Resurrección Merodio',6,'MED','1992-01-07',74,176,'Koke','España',2,'España','https://thumb.resfu.com/img_data/players/medium/33661.jpg'),(34097,'Víctor Laguardia Cisneros',5,'DEF','1989-11-04',75,185,'Laguardia','España',14,'España','https://thumb.resfu.com/img_data/players/medium/34097.jpg'),(34269,'Allan Romeo Nyom',12,'DEF','1988-05-09',81,186,'A. Nyom','Camerún, Francia',5,'Camerún','https://thumb.resfu.com/img_data/players/medium/34269.jpg'),(34759,'Maxime Gonalons',4,'MED','1989-03-09',76,187,'M. Gonalons','Francia',6,'Francia','https://thumb.resfu.com/img_data/players/medium/34759.jpg'),(35127,'Jorge Miramon Santagertrudis',20,'DEF','1989-06-01',74,176,'Miramón','España',8,'España','https://thumb.resfu.com/img_data/players/medium/35127.jpg'),(35206,'Sergio Postigo Redondo',15,'DEF','1988-11-03',78,184,'Sergio Postigo','España',8,'España','https://thumb.resfu.com/img_data/players/medium/35206.jpg'),(35394,'José Luis García Del Pozo',18,'MED','1991-01-10',79,182,'Recio','España',16,'España','https://thumb.resfu.com/img_data/players/medium/35394.jpg'),(35477,'Manuel Trigueros Muñoz',14,'MED','1991-10-16',70,178,'M. Trigueros','España',11,'España','https://thumb.resfu.com/img_data/players/medium/35477.jpg'),(35480,'José María Martín Bejarano-Serrano',6,'MED','1987-12-05',72,180,'José Mari','España',15,'España','https://thumb.resfu.com/img_data/players/medium/35480.jpg'),(35660,'Anaitz Arbilla Zabala',23,'DEF','1987-05-14',75,177,'A. Arbilla','España',16,'España','https://thumb.resfu.com/img_data/players/medium/35660.jpg'),(35921,'Víctor Rodríguez Romero',8,'MED','1989-07-22',70,170,'Víctor Rodríguez','España',17,'España','https://thumb.resfu.com/img_data/players/medium/35921.jpg'),(36074,'Jaime Mata Arnaiz',7,'DEL','1988-10-23',79,186,'J. Mata','España',5,'España','https://thumb.resfu.com/img_data/players/medium/36074.jpg'),(36133,'Sergi Enrich Ametller',9,'DEL','1990-02-25',77,181,'Sergi Enrich','España',16,'España','https://thumb.resfu.com/img_data/players/medium/36133.jpg'),(36167,'Sergio Canales Madrazo',10,'MED','1991-02-15',65,176,'S. Canales','España',9,'España','https://thumb.resfu.com/img_data/players/medium/36167.jpg'),(36180,'José Luis Morales',11,'DEL','1987-07-22',70,180,'Morales','España',8,'España','https://thumb.resfu.com/img_data/players/medium/36180.jpg'),(36191,'Hugo Mallo Novegil',2,'DEF','1991-06-21',69,173,'Hugo Mallo','España',19,'España','https://thumb.resfu.com/img_data/players/medium/36191.jpg'),(36293,'Jaume Vicent Costa Jordá',21,'DEF','1988-03-17',65,171,'Jaume Costa','España',11,'España','https://thumb.resfu.com/img_data/players/medium/36293.jpg'),(37124,'Denís Dmítrievich Chéryshev',17,'DEL','1990-12-25',68,173,'D. Cheryshev','Rusia, España',12,'Rusia','https://thumb.resfu.com/img_data/players/medium/37124.jpg'),(38424,'Iñigo Pérez Soto',21,'MED','1988-01-17',74,178,'Íñigo Pérez','España',3,'España','https://thumb.resfu.com/img_data/players/medium/38424.jpg'),(39947,'Aleix Vidal Parreu',17,'DEF','1989-08-20',70,176,'Aleix Vidal','España',20,'España','https://thumb.resfu.com/img_data/players/medium/39947.jpg'),(39948,'José Luis Sanmartín Mato',9,'DEL','1990-03-26',71,192,'Joselu','España, Alemania',14,'España','https://thumb.resfu.com/img_data/players/medium/39948.jpg'),(39979,'Francisco Alcácer García',17,'DEL','1993-08-29',71,174,'P. Alcácer','España',11,'España','https://thumb.resfu.com/img_data/players/medium/39979.jpg'),(40291,'Sergio Guardiola Navarro',7,'DEL','1991-05-28',70,175,'Sergi Guardiola','España',13,'España','https://thumb.resfu.com/img_data/players/medium/40291.jpg'),(40552,'Roque Mesa Quevedo',17,'MED','1989-06-06',72,171,'Roque Mesa','España',13,'España','https://thumb.resfu.com/img_data/players/medium/40552.jpg'),(40790,'Juan Torres Ruiz',16,'DEF','1989-11-25',78,185,'J. Cala','España',15,'España','https://thumb.resfu.com/img_data/players/medium/40790.jpg'),(40792,'Víctor David Díaz Miguel',16,'DEF','1988-06-11',69,183,'Víctor Díaz','España',6,'España','https://thumb.resfu.com/img_data/players/medium/40792.jpg'),(40903,'Marc Bartra Aregall',5,'DEF','1991-01-14',70,184,'M. Bartra','España',9,'España','https://thumb.resfu.com/img_data/players/medium/40903.jpg'),(41104,'Martín Montoya Torralbo',2,'DEF','1991-04-13',73,175,'M. Montoya','España',9,'España','https://thumb.resfu.com/img_data/players/medium/41104.jpg'),(42525,'Fernando Francisco Reges',25,'MED','1987-07-24',75,185,'Fernando','Brasil',20,'Brasil','https://thumb.resfu.com/img_data/players/medium/42525.jpg'),(43629,'Juan Miguel Jiménez López',7,'DEL','1993-05-19',63,169,'Juanmi','España',9,'España','https://thumb.resfu.com/img_data/players/medium/43629.jpg'),(43642,'Víctor Ruiz Torre',6,'DEF','1989-01-24',80,184,'V. Ruiz','España',9,'España','https://thumb.resfu.com/img_data/players/medium/43642.jpg'),(44019,'Francisco José Olivas Alba',4,'DEF','1988-08-20',83,189,'Kiko Olivas','España',13,'España','https://thumb.resfu.com/img_data/players/medium/44019.jpg'),(44027,'Francisco Román Alarcón Suárez',22,'MED','1992-04-20',79,175,'Isco','España',7,'España','https://thumb.resfu.com/img_data/players/medium/44027.jpg'),(45899,'Antonio García Aranda',3,'DEF','1989-11-06',70,179,'Toño','España',8,'España','https://thumb.resfu.com/img_data/players/medium/45899.jpg'),(48124,'Tomás Pina Isla',8,'MED','1987-10-13',75,184,'T. Pina','España',14,'España','https://thumb.resfu.com/img_data/players/medium/48124.jpg'),(48594,'Willian José Da Silva',9,'DEL','1991-11-22',87,186,'Willian José','Brasil, España',10,'Brasil','https://thumb.resfu.com/img_data/players/medium/48594.jpg'),(51968,'Sergio Escudero Palomo',18,'DEF','1989-09-01',65,176,'S. Escudero','España',20,'España','https://thumb.resfu.com/img_data/players/medium/51968.jpg'),(52104,'José Ángel Gómez Campaña',24,'MED','1993-05-30',55,176,'J. Campaña','España',8,'España','https://thumb.resfu.com/img_data/players/medium/52104.jpg'),(52787,'Manuel Agudo Durán',9,'DEL','1986-10-14',73,175,'Nolito','España',19,'España','https://thumb.resfu.com/img_data/players/medium/52787.jpg'),(53310,'Dimitrios Siovas',18,'DEF','1988-09-15',83,192,'D. Siovas','Grecia',18,'Grecia','https://thumb.resfu.com/img_data/players/medium/53310.jpg'),(57814,'Bruno González Cabrera',6,'DEF','1990-05-23',82,184,'Bruno','España',13,'España','https://thumb.resfu.com/img_data/players/medium/57814.jpg'),(58188,'Daniel García Carrillo',14,'MED','1990-05-23',75,180,'Dani García','España',1,'España','https://thumb.resfu.com/img_data/players/medium/58188.jpg'),(58696,'Cristian Tello Herrera',11,'DEL','1991-08-10',65,178,'C. Tello','España',9,'España','https://thumb.resfu.com/img_data/players/medium/58696.jpg'),(58724,'Roger Martí Salvador',9,'DEL','1991-01-02',74,179,'Roger','España',8,'España','https://thumb.resfu.com/img_data/players/medium/58724.jpg'),(59865,'Raúl García Carnero',3,'DEF','1989-04-29',72,175,'Raúl Carnero','España',13,'España','https://thumb.resfu.com/img_data/players/medium/59865.jpg'),(60169,'Ramon Olamilekan Azeez',12,'MED','1992-12-11',67,169,'R. Azeez','Nigeria',6,'Nigeria','https://thumb.resfu.com/img_data/players/medium/60169.jpg'),(60258,'José Ángel Valdés Díaz',15,'DEF','1989-09-04',77,182,'Cote','España',16,'España','https://thumb.resfu.com/img_data/players/medium/60258.jpg'),(60555,'Pedro Bigas Rigo',3,'DEF','1990-05-14',83,181,'P. Bigas','España',16,'España','https://thumb.resfu.com/img_data/players/medium/60555.jpg'),(61341,'Raúl Rodríguez Navas',22,'DEF','1988-05-10',77,178,'Raúl Navas','España',3,'España','https://thumb.resfu.com/img_data/players/medium/61341.jpg'),(61354,'Enrique González Casín',7,'DEL','1990-05-15',77,178,'Quique','España',16,'España','https://thumb.resfu.com/img_data/players/medium/61354.jpg'),(61667,'Francis Coquelin',19,'MED','1991-05-12',73,177,'F. Coquelin','Francia',11,'Francia','https://thumb.resfu.com/img_data/players/medium/61667.jpg'),(62219,'Alejandro Fernández Iglesias',8,'MED','1992-10-14',75,182,'Álex','España',15,'España','https://thumb.resfu.com/img_data/players/medium/62219.jpg'),(62271,'Sergio Álvarez Díaz',6,'MED','1992-01-22',65,180,'Sergio Álvarez','España',16,'España','https://thumb.resfu.com/img_data/players/medium/62271.jpg'),(65113,'Philippe Coutinho Correia',14,'MED','1992-06-11',72,171,'P. Coutinho','Brasil',4,'Brasil','https://thumb.resfu.com/img_data/players/medium/65113.jpg'),(65830,'Kieran John Trippier',23,'DEF','1990-09-18',71,178,'K. Trippier','Inglaterra',2,'Inglaterra','https://thumb.resfu.com/img_data/players/medium/65830.jpg'),(66405,'Martin Braithwaite Christensen',9,'DEL','1991-06-04',77,180,'M. Braithwaite','Dinamarca, Guyana',4,'Dinamarca','https://thumb.resfu.com/img_data/players/medium/66405.jpg'),(67271,'Carlos Arturo Bacca Ahumada',9,'DEL','1986-09-07',76,179,'C. Bacca','Colombia',11,'Colombia','https://thumb.resfu.com/img_data/players/medium/67271.jpg'),(67765,'Jon Ander Garrido Moracia',5,'MED','1989-10-08',81,185,'Garrido','España',15,'España','https://thumb.resfu.com/img_data/players/medium/67765.jpg'),(67815,'Íñigo Martínez Berridi',4,'DEF','1991-05-16',77,181,'Í. Martínez','España',1,'España','https://thumb.resfu.com/img_data/players/medium/67815.jpg'),(67849,'Marc-André Ter Stegen',1,'POR','1992-04-29',82,188,'M. Ter Stegen','Alemania',4,'Alemania','https://thumb.resfu.com/img_data/players/medium/67849.jpg'),(67953,'José Ignacio Martínez García',22,'DEF','1989-03-06',76,175,'Nacho','España',13,'España','https://thumb.resfu.com/img_data/players/medium/67953.jpg'),(67959,'David Timor Copovi',24,'MED','1989-10-16',77,185,'Timor','España',5,'España','https://thumb.resfu.com/img_data/players/medium/67959.jpg'),(68445,'Óscar Esau Duarte Gaitán',6,'DEF','1989-06-02',85,184,'Ó. Duarte','Costa Rica, Nicaragua',8,'Costa Rica','https://thumb.resfu.com/img_data/players/medium/68445.jpg'),(68846,'Alberto Perea Correoso',10,'DEL','1990-12-18',68,177,'A. Perea','España',15,'España','https://thumb.resfu.com/img_data/players/medium/68846.jpg'),(68888,'Aridane Hernandez Umpierrez',23,'DEF','1989-03-22',77,186,'Aridane','España',3,'España','https://thumb.resfu.com/img_data/players/medium/68888.jpg'),(69094,'Eliaquim Mangala',4,'DEF','1991-02-12',74,187,'E. Mangala','Francia',12,'Francia','https://thumb.resfu.com/img_data/players/medium/69094.jpg'),(69117,'Aitor Fernández Abarisketa',13,'POR','1991-05-02',70,182,'Aitor Fernández','España',8,'España','https://thumb.resfu.com/img_data/players/medium/69117.jpg'),(69148,'Thibaut Nicolas Marc Courtois',1,'POR','1992-05-10',88,199,'T. Courtois','Bélgica',7,'Bélgica','https://thumb.resfu.com/img_data/players/medium/69148.jpg'),(69899,'Jacobus Antonius Peter Cillessen',13,'POR','1989-04-21',82,187,'J. Cillessen','Países Bajos',12,'Países Bajos','https://thumb.resfu.com/img_data/players/medium/69899.jpg'),(70363,'Cheick Doukouré',25,'MED','1992-09-10',72,180,'C. Doukouré','Costa de Marfil',8,'Costa de Marfil','https://thumb.resfu.com/img_data/players/medium/70363.jpg'),(70593,'Jan Oblak',13,'POR','1993-01-06',87,188,'J. Oblak','Eslovenia',2,'Eslovenia','https://thumb.resfu.com/img_data/players/medium/70593.jpg'),(71385,'Federico Vico Villegas',14,'MED','1994-07-03',70,176,'Fede Vico','España',6,'España','https://thumb.resfu.com/img_data/players/medium/71385.jpg'),(71698,'Iván José Marcone',4,'MED','1990-06-02',90,184,'I. Marcone','Argentina',17,'Argentina','https://thumb.resfu.com/img_data/players/medium/71698.jpg'),(72150,'Augusto Matías Fernández',17,'MED','1986-04-09',71,177,'A. Fernández','Argentina',15,'Argentina','https://thumb.resfu.com/img_data/players/medium/72150.jpg'),(72693,'Fidel Chaves De La Torre',16,'DEL','1989-10-26',72,180,'Fidel','España',17,'España','https://thumb.resfu.com/img_data/players/medium/72693.jpg'),(73193,'Miguel Ángel Garrido Cifuentes',23,'DEF','1990-10-04',66,174,'Cifuentes','España',17,'España','https://thumb.resfu.com/img_data/players/medium/73193.jpg'),(74073,'Óscar Plano Pedreño',10,'DEL','1991-02-10',68,180,'Óscar Plano','España',13,'España','https://thumb.resfu.com/img_data/players/medium/74073.jpg'),(74166,'Pablo Insua Blanco',4,'DEF','1993-09-08',75,186,'P. Insua','España',18,'España','https://thumb.resfu.com/img_data/players/medium/74166.jpg'),(74892,'Daniel Carvajal Ramos',2,'DEF','1992-01-10',70,173,'D. Carvajal','España',7,'España','https://thumb.resfu.com/img_data/players/medium/74892.jpg'),(74994,'Rubén García Santos',14,'MED','1993-07-13',72,171,'Rubén García','España',3,'España','https://thumb.resfu.com/img_data/players/medium/74994.jpg'),(75798,'Stefan Savić',15,'DEF','1991-01-07',79,187,'S. Savić','Montenegro',2,'Montenegro','https://thumb.resfu.com/img_data/players/medium/75798.jpg'),(76168,'Saúl Ñíguez Esclapez',8,'MED','1994-11-20',77,184,'Saúl','España',2,'España','https://thumb.resfu.com/img_data/players/medium/76168.jpg'),(76368,'Pedro Alcalá Guirado',19,'DEF','1989-03-18',82,196,'P. Alcalá','España',15,'España','https://thumb.resfu.com/img_data/players/medium/76368.jpg'),(77230,'Denis Suárez Fernández',6,'MED','1994-01-05',66,178,'D. Suárez','España',19,'España','https://thumb.resfu.com/img_data/players/medium/77230.jpg'),(77880,'José Ignacio Peleteiro Ramallo',23,'DEL','1991-06-15',67,180,'Jota','España',14,'España','https://thumb.resfu.com/img_data/players/medium/77880.jpg'),(78301,'Rubén Sobrino Pozuelo',11,'DEL','1992-05-31',73,182,'Rubén Sobrino','España',12,'España','https://thumb.resfu.com/img_data/players/medium/78301.jpg'),(78512,'Fernando Pacheco Flores',1,'POR','1992-05-17',81,186,'F. Pacheco','España',14,'España','https://thumb.resfu.com/img_data/players/medium/78512.jpg'),(78584,'David Gil Mohedano',13,'POR','1994-01-10',73,183,'David Gil','España',15,'España','https://thumb.resfu.com/img_data/players/medium/78584.jpg'),(79384,'Rodrigo Andrés Battaglia',6,'MED','1991-07-11',75,187,'R. Battaglia','Argentina',14,'Argentina','https://thumb.resfu.com/img_data/players/medium/79384.jpg'),(79475,'Luis Jesus Rioja Gonzalez',11,'DEL','1993-10-15',65,173,'Rioja','España',14,'España','https://thumb.resfu.com/img_data/players/medium/79475.jpg'),(79543,'Sergio Gómez Solà',3,'DEF','1992-03-27',80,187,'Sergi Gómez','España',20,'España','https://thumb.resfu.com/img_data/players/medium/79543.jpg'),(81239,'Rafael Giménez Jarque',3,'DEF','1993-08-11',72,186,'Fali','España',15,'España','https://thumb.resfu.com/img_data/players/medium/81239.jpg'),(81723,'Sergi Roberto Carnicer',20,'DEF','1992-02-06',70,177,'Sergi Roberto','España',4,'España','https://thumb.resfu.com/img_data/players/medium/81723.jpg'),(82134,'Édgar Antonio Méndez Ortega',16,'DEL','1990-01-01',78,188,'Édgar Méndez','España',14,'España','https://thumb.resfu.com/img_data/players/medium/82134.jpg'),(82139,'Sergio León Limones',7,'DEL','1989-01-05',73,178,'Sergio León','España',8,'España','https://thumb.resfu.com/img_data/players/medium/82139.jpg'),(82543,'Néstor Alejandro Araujo Razo',4,'DEF','1991-08-28',87,188,'N. Araujo','México',19,'México','https://thumb.resfu.com/img_data/players/medium/82543.jpg'),(86790,'Ante Budimir',0,'DEL','1991-07-21',75,190,'A. Budimir','Croacia',3,'Croacia','https://thumb.resfu.com/img_data/players/medium/86790.jpg'),(87506,'David Juncà Reñe',17,'DEF','1993-11-15',67,175,'D. Juncà','España',19,'España','https://thumb.resfu.com/img_data/players/medium/87506.jpg'),(87811,'Norberto Murara Neto',13,'POR','1989-07-18',84,190,'Neto','Brasil',4,'Brasil','https://thumb.resfu.com/img_data/players/medium/87811.jpg'),(88568,'Sergio Herrera Piró',1,'POR','1993-06-04',82,192,'Sergio Herrera','España',3,'España','https://thumb.resfu.com/img_data/players/medium/88568.jpg'),(88603,'Jonathan Rodríguez Menéndez',7,'MED','1991-07-08',80,180,'Jony','España',3,'España','https://thumb.resfu.com/img_data/players/medium/88603.jpg'),(89327,'Lorenzo Morón García',16,'DEL','1993-12-29',66,188,'Loren Morón','España',9,'España','https://thumb.resfu.com/img_data/players/medium/89327.jpg'),(91080,'Marcos Mauro López Gutiérrez',4,'DEF','1991-01-08',82,190,'Marcos Mauro','Argentina',15,'Argentina','https://thumb.resfu.com/img_data/players/medium/91080.jpg'),(91463,'Joaquín José Marín Ruz',17,'DEF','1989-09-23',73,179,'Quini','España',6,'España','https://thumb.resfu.com/img_data/players/medium/91463.jpg'),(92385,'Šime Vrsaljko',24,'DEF','1992-01-09',76,181,'Š. Vrsaljko','Croacia',2,'Croacia','https://thumb.resfu.com/img_data/players/medium/92385.jpg'),(92909,'Carlos Henrique Venancio Casemiro',14,'MED','1992-02-22',80,184,'Casemiro','Brasil',7,'Brasil','https://thumb.resfu.com/img_data/players/medium/92909.jpg'),(93251,'Leandro Chichizola',25,'POR','1990-03-26',81,182,'L. Chichizola','Argentina, Italia',5,'Argentina','https://thumb.resfu.com/img_data/players/medium/93251.jpg'),(94324,'Lucas Vázquez Iglesias',17,'DEL','1991-06-30',69,173,'Lucas Vázquez','España',7,'España','https://thumb.resfu.com/img_data/players/medium/94324.jpg'),(94506,'Salvador Sánchez Ponce',7,'DEL','1991-03-29',63,175,'Salvi','España',15,'España','https://thumb.resfu.com/img_data/players/medium/94506.jpg'),(95400,'José Ramiro Funes Mori',6,'DEF','1991-03-04',78,186,'R. Funes Mori','Argentina',11,'Argentina','https://thumb.resfu.com/img_data/players/medium/95400.jpg'),(98126,'Aïssa Mandi',23,'DEF','1991-10-21',78,184,'A. Mandi','Argelia',9,'Argelia','https://thumb.resfu.com/img_data/players/medium/98126.jpg'),(100715,'Asier Illarramendi Andonegi',4,'MED','1990-03-07',74,177,'A. Illarramendi','España',10,'España','https://thumb.resfu.com/img_data/players/medium/100715.jpg'),(100849,'Lucas Pérez Martínez',7,'DEL','1988-09-09',78,181,'Lucas Pérez','España',14,'España','https://thumb.resfu.com/img_data/players/medium/100849.jpg'),(101033,'Rubén Alcaraz Jiménez',14,'MED','1991-04-30',70,180,'Rubén Alcaraz','España',13,'España','https://thumb.resfu.com/img_data/players/medium/101033.jpg'),(102032,'Moisés Gómez Bordonado',23,'DEL','1994-06-22',65,174,'Moi Gómez','España',11,'España','https://thumb.resfu.com/img_data/players/medium/102032.jpg'),(102293,'Gonzalo Cacicedo Verdú',5,'DEF','1988-10-20',84,187,'Gonzalo Verdú','España',17,'España','https://thumb.resfu.com/img_data/players/medium/102293.jpg'),(102298,'Juan Manuel Sánchez Miño',3,'DEF','1989-12-31',78,177,'J. Sánchez Miño','Argentina',17,'Argentina','https://thumb.resfu.com/img_data/players/medium/102298.jpg'),(102322,'José Ignacio Fernández Iglesias',6,'DEF','1990-01-17',76,180,'Nacho','España',7,'España','https://thumb.resfu.com/img_data/players/medium/102322.jpg'),(103053,'Raphaël Xavier Varane',5,'DEF','1993-04-24',76,191,'R. Varane','Francia',7,'Francia','https://thumb.resfu.com/img_data/players/medium/103053.jpg'),(104150,'Cristian Portugués Manzanera',7,'DEL','1992-05-20',70,167,'Portu','España',10,'España','https://thumb.resfu.com/img_data/players/medium/104150.jpg'),(105110,'Tomáš Vaclík',1,'POR','1989-03-28',84,188,'T. Vaclík','República Checa',20,'República Checa','https://thumb.resfu.com/img_data/players/medium/105110.jpg'),(106246,'Damián Nicolás Suárez Suárez',22,'DEF','1988-04-26',68,173,'Damián Suárez','Uruguay',5,'Uruguay','https://thumb.resfu.com/img_data/players/medium/106246.jpg'),(107189,'Gerard Moreno Balagueró',7,'DEL','1992-04-06',75,180,'Gerard Moreno','España',11,'España','https://thumb.resfu.com/img_data/players/medium/107189.jpg'),(108399,'Unai Garcia Lugea',4,'DEF','1992-09-02',76,182,'Unai','España',3,'España','https://thumb.resfu.com/img_data/players/medium/108399.jpg'),(108410,'Joseba Zaldua Bengoetxea',2,'DEF','1992-06-23',70,176,'J. Zaldua','España',10,'España','https://thumb.resfu.com/img_data/players/medium/108410.jpg'),(108412,'Kenan Kodro',19,'DEL','1993-08-18',72,187,'K. Kodro','Bosnia-Herzegovina, España',1,'Bosnia-Herzegovina','https://thumb.resfu.com/img_data/players/medium/108412.jpg'),(108556,'William Silva De Carvalho',14,'MED','1992-04-06',79,187,'W. Carvalho','Portugal',9,'Portugal','https://thumb.resfu.com/img_data/players/medium/108556.jpg'),(108894,'Roberto Antonio Correa Silva',20,'DEF','1992-09-19',76,180,'Rober Correa','España',16,'España','https://thumb.resfu.com/img_data/players/medium/108894.jpg'),(109636,'Emiliano Ariel Rigoni',22,'DEL','1993-02-03',70,180,'E. Rigoni','Argentina',17,'Argentina','https://thumb.resfu.com/img_data/players/medium/109636.jpg'),(109637,'Franco Damián Vázquez',22,'MED','1989-02-21',87,187,'F. Vázquez','Argentina, Argentina',20,'Argentina','https://thumb.resfu.com/img_data/players/medium/109637.jpg'),(109907,'Guido Marcelo Carrillo',21,'DEL','1991-05-24',89,187,'G. Carrillo','Argentina',17,'Argentina','https://thumb.resfu.com/img_data/players/medium/109907.jpg'),(110659,'Édgar Badía Guardiola',13,'POR','1992-02-11',72,180,'Édgar Badía','España',17,'España','https://thumb.resfu.com/img_data/players/medium/110659.jpg'),(110745,'Lucas Ocampos',5,'DEL','1994-07-10',82,187,'L. Ocampos','Argentina',20,'Argentina','https://thumb.resfu.com/img_data/players/medium/110745.jpg'),(111223,'Luís Carlos Correia Pinto',16,'DEF','1985-05-04',63,175,'Luisinho','Portugal',18,'Portugal','https://thumb.resfu.com/img_data/players/medium/111223.jpg'),(111345,'Marcos Javier Acuña',19,'DEF','1991-10-27',72,172,'M. Acuña','Argentina',20,'Argentina','https://thumb.resfu.com/img_data/players/medium/111345.jpg'),(112081,'Carlos Clerc Martínez',19,'DEF','1992-02-20',69,182,'Carlos Clerc','España',8,'España','https://thumb.resfu.com/img_data/players/medium/112081.jpg'),(112764,'Jaume Doménech Sánchez',1,'POR','1990-11-04',73,185,'Jaume Doménech','España',12,'España','https://thumb.resfu.com/img_data/players/medium/112764.jpg'),(113623,'Rubén Peña Jiménez',20,'DEF','1991-07-17',62,170,'Rubén Peña','España',11,'España','https://thumb.resfu.com/img_data/players/medium/113623.jpg'),(115128,'David Soria Solís',13,'POR','1993-04-03',83,190,'David Soria','España',5,'España','https://thumb.resfu.com/img_data/players/medium/115128.jpg'),(115129,'Orlando Rubén Yáñez Alabart',1,'POR','1993-10-11',80,188,'Rubén Yáñez','España',5,'España','https://thumb.resfu.com/img_data/players/medium/115129.jpg'),(115139,'Gonzalo Julián Melero Manzanares',22,'MED','1994-01-01',78,183,'Melero','España',8,'España','https://thumb.resfu.com/img_data/players/medium/115139.jpg'),(115420,'Takashi Inui',14,'MED','1988-06-01',59,169,'T. Inui','Japón',16,'Japón','https://thumb.resfu.com/img_data/players/medium/115420.jpg'),(116019,'Ander Capa Rodríguez',21,'DEF','1992-02-07',70,173,'A. Capa','España',1,'España','https://thumb.resfu.com/img_data/players/medium/116019.jpg'),(117206,'Pablo Hervías Ruiz',11,'DEL','1993-03-07',68,174,'Pablo Hervías','España',13,'España','https://thumb.resfu.com/img_data/players/medium/117206.jpg'),(117235,'Alberto Moreno Pérez',18,'DEF','1992-07-04',65,171,'Alberto Moreno','España',11,'España','https://thumb.resfu.com/img_data/players/medium/117235.jpg'),(117393,'Joaquín Navarro Jimenez',23,'DEF','1990-01-22',75,176,'Ximo Navarro','España',14,'España','https://thumb.resfu.com/img_data/players/medium/117393.jpg'),(117396,'Florian Lejeune',22,'DEF','1991-05-19',81,190,'F. Lejeune','Francia',14,'Francia','https://thumb.resfu.com/img_data/players/medium/117396.jpg'),(117511,'Anthony Rubén Lozano Colón',9,'DEL','1993-04-24',74,182,'A. Lozano','Honduras',15,'Honduras','https://thumb.resfu.com/img_data/players/medium/117511.jpg'),(117784,'José Manuel Rodríguez Benito',6,'DEF','1992-03-02',77,182,'Chema Rodríguez','España',5,'España','https://thumb.resfu.com/img_data/players/medium/117784.jpg'),(119431,'John Alberto Fernando Andres Luigi Olof Guidetti',10,'DEL','1992-04-14',79,185,'J. Guidetti','Suecia',14,'Suecia','https://thumb.resfu.com/img_data/players/medium/119431.jpg'),(120440,'Mariano Díaz Mejia',24,'DEL','1993-07-31',75,182,'Mariano','España, República Dominicana',7,'España','https://thumb.resfu.com/img_data/players/medium/120440.jpg'),(120698,'Juan Carlos Real Ruíz',21,'MED','1991-03-14',72,183,'Juan Carlos','España',18,'España','https://thumb.resfu.com/img_data/players/medium/120698.jpg'),(121657,'Darwin Daniel Machís Marcano',11,'DEL','1993-02-06',67,170,'D. Machís','Venezuela',6,'Venezuela','https://thumb.resfu.com/img_data/players/medium/121657.jpg'),(122718,'Pere Milla Peña',10,'DEL','1992-09-22',71,179,'Pere Milla','España',17,'España','https://thumb.resfu.com/img_data/players/medium/122718.jpg'),(123546,'Okay Yokuslu',5,'MED','1994-03-08',79,191,'O. Yokuşlu','Turquía',19,'Turquía','https://thumb.resfu.com/img_data/players/medium/123546.jpg'),(124268,'Alexandre Moreno Lopera',15,'DEF','1993-06-07',68,179,'Álex Moreno','España',9,'España','https://thumb.resfu.com/img_data/players/medium/124268.jpg'),(125601,'Dimitri Foulquier',2,'DEF','1993-03-22',78,183,'D. Foulquier','Guadalupe',6,'Guadalupe','https://thumb.resfu.com/img_data/players/medium/125601.jpg'),(125859,'Sandro Ramírez Castillo',6,'DEL','1995-07-08',68,175,'Sandro','España',18,'España','https://thumb.resfu.com/img_data/players/medium/125859.jpg'),(127121,'Samuel Umtiti',23,'DEF','1993-11-13',75,181,'S. Umtiti','Francia, Camerún',4,'Francia','https://thumb.resfu.com/img_data/players/medium/127121.jpg'),(128123,'Luis Miguel Sánchez Benítez',15,'MED','1992-05-04',76,180,'Luismi','España',17,'España','https://thumb.resfu.com/img_data/players/medium/128123.jpg'),(128876,'Gerónimo Rulli',13,'POR','1992-05-19',80,189,'G. Rulli','Argentina, Italia',11,'Argentina','https://thumb.resfu.com/img_data/players/medium/128876.jpg'),(129205,'Lucas Torró Marset',24,'MED','1994-07-18',79,188,'Lucas Torró','España',3,'España','https://thumb.resfu.com/img_data/players/medium/129205.jpg'),(129605,'Rubén Blanco Veiga',13,'POR','1995-07-24',80,189,'Rubén','España',19,'España','https://thumb.resfu.com/img_data/players/medium/129605.jpg'),(130494,'Gastón Alexis Silva Perdomo',22,'DEF','1994-03-04',74,185,'G. Silva','Uruguay, Italia',18,'Uruguay','https://thumb.resfu.com/img_data/players/medium/130494.jpg'),(130880,'Lucas René Olaza Catrofe',15,'DEF','1994-07-20',70,173,'L. Olaza','Uruguay',19,'Uruguay','https://thumb.resfu.com/img_data/players/medium/130880.jpg'),(133578,'Felipe Augusto De Almeida Monteiro',18,'DEF','1989-05-15',77,190,'Felipe','Brasil',2,'Brasil','https://thumb.resfu.com/img_data/players/medium/133578.jpg'),(134656,'Antonio José Rodríguez Díaz',10,'DEL','1992-02-20',74,175,'Puertas','España',6,'España','https://thumb.resfu.com/img_data/players/medium/134656.jpg'),(135208,'Eugeni Valderrama Doménech',8,'MED','1994-07-18',73,182,'Eugeni','España',18,'España','https://thumb.resfu.com/img_data/players/medium/135208.jpg'),(136590,'Luis Miguel Quezada Sánchez',0,'DEF','1996-02-10',66,171,'L. Quezada','República Dominicana',15,'República Dominicana','https://thumb.resfu.com/img_data/players/medium/136590.jpg'),(138598,'Jesús Joaquín Fernández Sáez De La Torre',7,'DEL','1993-11-18',72,178,'Suso','España',20,'España','https://thumb.resfu.com/img_data/players/medium/138598.jpg'),(138599,'Óliver Torres Muñoz',21,'MED','1994-11-09',70,178,'Ó. Torres','España',20,'España','https://thumb.resfu.com/img_data/players/medium/138599.jpg'),(138881,'Geoffrey Edwin Kondogbia',6,'MED','1993-02-14',80,188,'G. Kondogbia','República Centroafricana',12,'República Centroafricana','https://thumb.resfu.com/img_data/players/medium/138881.jpg'),(138938,'Kevin Manuel Rodrigues',24,'DEF','1994-03-04',63,169,'K. Rodrigues','Portugal, Francia',16,'Portugal','https://thumb.resfu.com/img_data/players/medium/138938.jpg'),(139075,'Jorge Franco Alviz',18,'DEL','1993-10-28',68,185,'Burgui','España',14,'España','https://thumb.resfu.com/img_data/players/medium/139075.jpg'),(139107,'Yassine Bounou',13,'POR','1991-04-04',78,190,'Bono','Marruecos, Canadá',20,'Marruecos','https://thumb.resfu.com/img_data/players/medium/139107.jpg'),(139695,'Yannick Ferreira Carrasco',21,'DEL','1993-09-03',66,180,'Y. Carrasco','Bélgica, España',2,'Bélgica','https://thumb.resfu.com/img_data/players/medium/139695.jpg'),(139711,'Sofian Chakla',22,'DEF','1993-09-01',75,188,'Sofian Chakla','Marruecos',11,'Marruecos','https://thumb.resfu.com/img_data/players/medium/139711.jpg'),(140303,'Kevin Vázquez Comesaña',20,'DEF','1993-03-22',72,173,'Kevin','España',19,'España','https://thumb.resfu.com/img_data/players/medium/140303.jpg'),(141022,'Jairo Izquierdo González',25,'DEL','1993-10-21',67,165,'Jairo','España',15,'España','https://thumb.resfu.com/img_data/players/medium/141022.jpg'),(141129,'Mathías Olivera Miramontes',17,'DEF','1997-10-30',79,184,'M. Olivera','Uruguay, España',5,'Uruguay','https://thumb.resfu.com/img_data/players/medium/141129.jpg'),(142120,'Damian Kadzior',19,'DEL','1992-06-15',69,173,'D. Kadzior','Polonia',16,'Polonia','https://thumb.resfu.com/img_data/players/medium/142120.jpg'),(142657,'Aritz Elustondo Irribarria',6,'DEF','1994-03-27',72,178,'A. Elustondo','España',10,'España','https://thumb.resfu.com/img_data/players/medium/142657.jpg'),(144643,'Diego González Polanco',0,'DEF','1995-01-27',83,185,'Diego Glez.','España',17,'España','https://thumb.resfu.com/img_data/players/medium/144643.jpg'),(145407,'Rubén Duarte Sánchez',3,'DEF','1995-10-17',68,172,'R. Duarte','España',14,'España','https://thumb.resfu.com/img_data/players/medium/145407.jpg'),(146372,'Filip Malbašić',24,'DEL','1992-11-17',78,182,'F. Malbašić','Serbia',15,'Serbia','https://thumb.resfu.com/img_data/players/medium/146372.jpg'),(146766,'José Luis Gayà Peña',14,'DEF','1995-05-24',66,172,'J. Gayà','España',12,'España','https://thumb.resfu.com/img_data/players/medium/146766.jpg'),(146822,'Carlos Akapo Martínez',15,'DEF','1993-03-11',70,178,'Akapo','Guinea Ecuatorial, España',15,'Guinea Ecuatorial','https://thumb.resfu.com/img_data/players/medium/146822.jpg'),(147137,'Pere Pons Riera',20,'MED','1993-02-19',67,177,'Pere Pons','España',14,'España','https://thumb.resfu.com/img_data/players/medium/147137.jpg'),(147265,'Mario Hermoso Canseco',22,'DEF','1995-06-17',69,181,'M. Hermoso','España',2,'España','https://thumb.resfu.com/img_data/players/medium/147265.jpg'),(147267,'Marcos Llorente Moreno',14,'MED','1995-01-29',65,182,'M. Llorente','España',2,'España','https://thumb.resfu.com/img_data/players/medium/147267.jpg'),(147311,'Joan Jordán Moreno',8,'MED','1994-07-05',74,184,'Joan Jordán','España',20,'España','https://thumb.resfu.com/img_data/players/medium/147311.jpg'),(147808,'Deyverson Brum Silva Acosta',14,'DEL','1991-05-07',82,189,'Deyverson','Brasil',14,'Brasil','https://thumb.resfu.com/img_data/players/medium/147808.jpg'),(148095,'Luís Rafael Soares Alves',11,'DEF','1995-05-08',74,182,'Rafa Soares','Portugal',16,'Portugal','https://thumb.resfu.com/img_data/players/medium/148095.jpg'),(148767,'Rui Tiago Dantas Da Silva',1,'POR','1994-02-06',85,189,'Rui Silva','Portugal',6,'Portugal','https://thumb.resfu.com/img_data/players/medium/148767.jpg'),(149163,'Paulo André Rodrigues Oliveira',4,'DEF','1992-01-07',78,187,'P. Oliveira','Portugal',16,'Portugal','https://thumb.resfu.com/img_data/players/medium/149163.jpg'),(149491,'Rodrigo Ely',4,'DEF','1993-11-02',83,188,'Ely','Brasil',14,'Brasil','https://thumb.resfu.com/img_data/players/medium/149491.jpg'),(150773,'José María Giménez De Vargas',2,'DEF','1995-01-19',80,185,'J. Giménez','Uruguay, España',2,'Uruguay','https://thumb.resfu.com/img_data/players/medium/150773.jpg'),(159460,'Joaquín Fernández Moreno',24,'DEF','1996-05-30',66,183,'Joaquín','España',13,'España','https://thumb.resfu.com/img_data/players/medium/159460.jpg'),(159475,'Brandon Thomas Llamas',0,'DEL','1995-02-03',71,177,'Brandon','España',3,'España','https://thumb.resfu.com/img_data/players/medium/159475.jpg'),(159799,'Iván Alejo Peralta',14,'DEL','1995-02-09',77,186,'Iván Alejo','España',15,'España','https://thumb.resfu.com/img_data/players/medium/159799.jpg'),(159804,'Luis Milla Manzanares',5,'MED','1994-10-06',70,175,'Luis Milla','España',6,'España','https://thumb.resfu.com/img_data/players/medium/159804.jpg'),(159872,'Karim Rekik',4,'DEF','1994-12-01',76,184,'K. Rekik','Países Bajos',20,'Países Bajos','https://thumb.resfu.com/img_data/players/medium/159872.jpg'),(159874,'Víctor Fernández Camarasa',3,'MED','1994-05-27',76,183,'Camarasa','España',9,'España','https://thumb.resfu.com/img_data/players/medium/159874.jpg'),(159879,'David Remeseiro Salgueiro',23,'MED','1994-07-05',65,178,'Jason','España',12,'España','https://thumb.resfu.com/img_data/players/medium/159879.jpg'),(161131,'Ezequiel Ávila',9,'DEL','1994-02-05',81,178,'Chimy Ávila','Argentina',3,'Argentina','https://thumb.resfu.com/img_data/players/medium/161131.jpg'),(161366,'Héctor Miguel Herrera López',16,'MED','1990-04-18',70,182,'H. Herrera','México',2,'México','https://thumb.resfu.com/img_data/players/medium/161366.jpg'),(162193,'Dakonam Ortega Djené',2,'DEF','1991-12-30',71,176,'D. Djené','Togo',5,'Togo','https://thumb.resfu.com/img_data/players/medium/162193.jpg'),(162208,'Esteban Rodrigo Burgos',2,'DEF','1992-01-08',70,175,'E. Burgos','Argentina',16,'Argentina','https://thumb.resfu.com/img_data/players/medium/162208.jpg'),(162552,'Roberto Suárez Pier',4,'DEF','1995-02-15',74,182,'Rober','España',8,'España','https://thumb.resfu.com/img_data/players/medium/162552.jpg'),(162561,'Borja Iglesias Quintas',9,'DEL','1993-01-16',79,187,'Borja Iglesias','España',9,'España','https://thumb.resfu.com/img_data/players/medium/162561.jpg'),(162563,'Santiago Mina Lorenzo',22,'DEL','1995-12-06',77,181,'Santi Mina','España',19,'España','https://thumb.resfu.com/img_data/players/medium/162563.jpg'),(169666,'Arnaldo Antonio Sanabria Ayala',19,'DEL','1996-03-03',70,180,'A. Sanabria','Paraguay, España',9,'Paraguay','https://thumb.resfu.com/img_data/players/medium/169666.jpg'),(169965,'José Raúl Gutiérrez Parejo',14,'MED','1996-12-29',75,178,'R. Guti','España',17,'España','https://thumb.resfu.com/img_data/players/medium/169965.jpg'),(170515,'Jorge Ruiz Ojeda',1,'POR','1995-09-26',88,188,'Koke Vegas','España',8,'España','https://thumb.resfu.com/img_data/players/medium/170515.jpg'),(171872,'Jesús Vallejo Lázaro',20,'DEF','1997-01-04',74,184,'J. Vallejo','España',6,'España','https://thumb.resfu.com/img_data/players/medium/171872.jpg'),(174483,'Ángel Martín Correa Martínez',10,'DEL','1995-03-08',68,171,'Á. Correa','Argentina, España',2,'Argentina','https://thumb.resfu.com/img_data/players/medium/174483.jpg'),(174484,'Munir El Haddadi Mohamed',11,'DEL','1995-08-31',69,175,'Munir','España, Marruecos',20,'España','https://thumb.resfu.com/img_data/players/medium/174484.jpg'),(177023,'Carlos Fernández Luna',24,'DEL','1996-05-21',72,186,'Carlos','España',20,'España','https://thumb.resfu.com/img_data/players/medium/177023.jpg'),(177061,'José Manuel Sánchez Guillén',24,'DEF','1996-06-05',81,182,'Josema','España',17,'España','https://thumb.resfu.com/img_data/players/medium/177061.jpg'),(180218,'Enrique Gallego Puigsech',19,'DEL','1986-09-11',90,190,'Enric Gallego','España',3,'España','https://thumb.resfu.com/img_data/players/medium/180218.jpg'),(181101,'Gabriel Armando De Abreu',5,'DEF','1990-11-25',72,185,'Gabriel Paulista','Brasil',12,'Brasil','https://thumb.resfu.com/img_data/players/medium/181101.jpg'),(182105,'Pablo Carmine Maffeo Becerra',3,'DEF','1997-07-11',68,173,'P. Maffeo','España',18,'España','https://thumb.resfu.com/img_data/players/medium/182105.jpg'),(183188,'David Costas Cordal',3,'DEF','1995-03-25',73,181,'David Costas','España',19,'España','https://thumb.resfu.com/img_data/players/medium/183188.jpg'),(184717,'Jeremías Conan Ledesma',1,'POR','1993-02-12',76,182,'J. Ledesma','Argentina',15,'Argentina','https://thumb.resfu.com/img_data/players/medium/184717.jpg'),(185428,'Iñigo Lekue Martínez',15,'DEF','1993-05-03',71,179,'I. Lekue','España',1,'España','https://thumb.resfu.com/img_data/players/medium/185428.jpg'),(185429,'Unai López Cabrera',8,'MED','1995-10-29',65,170,'Unai López','España',1,'España','https://thumb.resfu.com/img_data/players/medium/185429.jpg'),(185510,'Nemanja Maksimovic',20,'MED','1995-01-25',75,185,'N. Maksimović','Serbia',5,'Serbia','https://thumb.resfu.com/img_data/players/medium/185510.jpg'),(185960,'Yeray Álvarez López',5,'DEF','1995-01-23',78,183,'Yeray','España',1,'España','https://thumb.resfu.com/img_data/players/medium/185960.jpg'),(185980,'Alejandro Remiro Gargallo',1,'POR','1995-03-23',82,191,'Remiro','España',10,'España','https://thumb.resfu.com/img_data/players/medium/185980.jpg'),(185985,'Iñaki Williams Arthur',9,'DEL','1994-06-14',77,186,'I. Williams','España, Liberia',1,'España','https://thumb.resfu.com/img_data/players/medium/185985.jpg'),(186119,'Iñigo Córdoba Kerejeta',11,'DEL','1997-03-12',75,178,'I. Córdoba','España',1,'España','https://thumb.resfu.com/img_data/players/medium/186119.jpg'),(186124,'Unai Núñez Gestoso',3,'DEF','1997-01-29',77,186,'Nuñez','España',1,'España','https://thumb.resfu.com/img_data/players/medium/186124.jpg'),(186129,'Asier Villalibre Molina',20,'DEL','1997-09-29',86,184,'Villalibre','España',1,'España','https://thumb.resfu.com/img_data/players/medium/186129.jpg'),(186438,'Rúben Miguel Nunes Vezo',14,'DEF','1994-04-24',80,182,'R. Vezo','Portugal',8,'Portugal','https://thumb.resfu.com/img_data/players/medium/186438.jpg'),(186470,'Nabil Fekir',8,'MED','1993-07-17',72,173,'N. Fekir','Francia, Argelia',9,'Francia','https://thumb.resfu.com/img_data/players/medium/186470.jpg'),(186599,'Adnan Januzaj',11,'DEL','1995-02-04',75,182,'A. Januzaj','Bélgica, Kosovo',10,'Bélgica','https://thumb.resfu.com/img_data/players/medium/186599.jpg'),(186748,'Mikel Vesga Arruti',6,'MED','1993-04-07',86,191,'M. Vesga','España',1,'España','https://thumb.resfu.com/img_data/players/medium/186748.jpg'),(186820,'Javier Ontiveros Parra',15,'DEL','1997-09-08',75,170,'Ontiveros','España',18,'España','https://thumb.resfu.com/img_data/players/medium/186820.jpg'),(186842,'Jeison Fabián Murillo Cerón',24,'DEF','1992-05-26',78,184,'J. Murillo','Colombia',19,'Colombia','https://thumb.resfu.com/img_data/players/medium/186842.jpg'),(188358,'Jorge Marcos Pombo Escobar',11,'MED','1994-02-21',76,177,'Pombo','España',15,'España','https://thumb.resfu.com/img_data/players/medium/188358.jpg'),(189293,'Javier Galán Gil',11,'DEF','1994-11-18',70,172,'Javi Galán','España',18,'España','https://thumb.resfu.com/img_data/players/medium/189293.jpg'),(190166,'David Garcia Zubiria',5,'DEF','1994-02-13',72,185,'David García','España',3,'España','https://thumb.resfu.com/img_data/players/medium/190166.jpg'),(190177,'Álvaro Odriozola Arzalluz',19,'DEF','1995-12-13',74,178,'Á. Odriozola','España',7,'España','https://thumb.resfu.com/img_data/players/medium/190177.jpg'),(190403,'Marco Asensio Willemsen',11,'DEL','1996-01-20',70,180,'M. Asensio','España, Países Bajos',7,'España','https://thumb.resfu.com/img_data/players/medium/190403.jpg'),(191015,'Jonathan Calleri',16,'DEL','1993-09-22',77,181,'J. Calleri','Argentina',3,'Argentina','https://thumb.resfu.com/img_data/players/medium/191015.jpg'),(192135,'Nemanja Radoja',5,'MED','1993-02-05',77,186,'N. Radoja','Serbia',8,'Serbia','https://thumb.resfu.com/img_data/players/medium/192135.jpg'),(192428,'Unai Simón Mendíbil',1,'POR','1997-06-10',84,189,'U. Simón','España',1,'España','https://thumb.resfu.com/img_data/players/medium/192428.jpg'),(192461,'Juan Manuel Pérez Ruiz',25,'POR','1996-07-14',78,192,'Juan Pérez','España',3,'España','https://thumb.resfu.com/img_data/players/medium/192461.jpg'),(192470,'Enrique Barja Alonso',11,'DEL','1997-04-03',69,178,'Kike Barja','España',3,'España','https://thumb.resfu.com/img_data/players/medium/192470.jpg'),(192471,'Alejandro Berenguer Remiro',12,'DEL','1995-07-03',70,175,'Álex Berenguer','España',1,'España','https://thumb.resfu.com/img_data/players/medium/192471.jpg'),(192474,'Mikel Merino Zazon',8,'MED','1996-06-21',78,188,'Mikel Merino','España',10,'España','https://thumb.resfu.com/img_data/players/medium/192474.jpg'),(193400,'Enes Ünal',10,'DEL','1997-05-09',70,185,'E. Ünal','Turquía',5,'Turquía','https://thumb.resfu.com/img_data/players/medium/193400.jpg'),(193558,'Luis Jesús Pérez Maqueda',2,'DEF','1995-02-03',68,173,'L. Pérez','España',13,'España','https://thumb.resfu.com/img_data/players/medium/193558.jpg'),(193560,'Yan Brice Eteki',8,'MED','1997-08-25',67,180,'Y. Eteki','Camerún, España',6,'Camerún','https://thumb.resfu.com/img_data/players/medium/193560.jpg'),(193623,'Carlos Marín Tomas',31,'POR','1997-02-19',83,187,'Carlos Marín','España',9,'España','https://thumb.resfu.com/img_data/players/medium/193623.jpg'),(193927,'Alberto Rodríguez Baró',2,'DEF','1997-09-09',71,178,'Tachi','España',14,'España','https://thumb.resfu.com/img_data/players/medium/193927.jpg'),(194490,'Jon Gurido Aldalur',14,'MED','1995-02-27',64,179,'Guridi','España',10,'España','https://thumb.resfu.com/img_data/players/medium/194490.jpg'),(194491,'Jon Bautista Orgilles',25,'DEL','1995-07-02',72,178,'J. Bautista','España',10,'España','https://thumb.resfu.com/img_data/players/medium/194491.jpg'),(194498,'Andoni Gorosabel Espinosa',18,'DEF','1996-08-03',73,174,'Gorosabel','España',10,'España','https://thumb.resfu.com/img_data/players/medium/194498.jpg'),(194499,'Martin Merquelanz Castellanos',17,'DEL','1995-06-11',72,176,'Merquelanz','España',10,'España','https://thumb.resfu.com/img_data/players/medium/194499.jpg'),(195292,'Renato Fabricio Tapia Cortijo',14,'MED','1995-07-27',80,185,'R. Tapia','Perú',19,'Perú','https://thumb.resfu.com/img_data/players/medium/195292.jpg'),(196664,'Francisco Javier Hidalgo Gómez',2,'DEF','1994-03-29',72,178,'Son','España',8,'España','https://thumb.resfu.com/img_data/players/medium/196664.jpg'),(196927,'Isaac Carcelén Valencia',20,'DEF','1993-04-22',75,178,'Iza','España',15,'España','https://thumb.resfu.com/img_data/players/medium/196927.jpg'),(197251,'Jens Jønsson',2,'MED','1993-01-09',78,182,'J. Jønsson','Dinamarca',15,'Dinamarca','https://thumb.resfu.com/img_data/players/medium/197251.jpg'),(197274,'Iván Villar Martinez',1,'POR','1997-07-08',76,189,'Iván Villar','España',19,'España','https://thumb.resfu.com/img_data/players/medium/197274.jpg'),(197933,'Ivo Grbic',1,'POR','1996-01-17',83,195,'I. Grbic','Croacia',2,'Croacia','https://thumb.resfu.com/img_data/players/medium/197933.jpg'),(198748,'Adrián Marín Gómez',17,'DEF','1997-01-08',70,185,'A. Marín','España',14,'España','https://thumb.resfu.com/img_data/players/medium/198748.jpg'),(198904,'Waldo Rubio Marin',23,'DEL','1995-08-16',80,181,'Waldo','España',13,'España','https://thumb.resfu.com/img_data/players/medium/198904.jpg'),(199145,'Aarón Escandell Banacloche',13,'POR','1995-09-26',72,188,'Aarón Escandell','España',6,'España','https://thumb.resfu.com/img_data/players/medium/199145.jpg'),(199390,'Luca Sangalli Fuentes',23,'MED','1995-02-09',62,167,'L. Sangalli','España',10,'España','https://thumb.resfu.com/img_data/players/medium/199390.jpg'),(199632,'Antonio Sivera Salvá',13,'POR','1996-08-10',76,181,'Antonio Sivera','España',14,'España','https://thumb.resfu.com/img_data/players/medium/199632.jpg'),(200193,'Thomas Lemar',11,'DEL','1995-11-11',62,171,'T. Lemar','Francia',2,'Francia','https://thumb.resfu.com/img_data/players/medium/200193.jpg'),(200996,'Clément Lenglet',15,'DEF','1995-06-16',80,185,'C. Lenglet','Francia',4,'Francia','https://thumb.resfu.com/img_data/players/medium/200996.jpg'),(201126,'Saidy Janko',18,'DEF','1995-10-21',70,178,'S. Janko','Suiza',13,'Suiza','https://thumb.resfu.com/img_data/players/medium/201126.jpg'),(201141,'Roberto Olabe Del Arco',16,'MED','1996-05-04',70,178,'R. Olabe','España',16,'España','https://thumb.resfu.com/img_data/players/medium/201141.jpg'),(201156,'Gonçalo Manuel Ganchinho Guedes',7,'DEL','1996-11-28',68,179,'G. Guedes','Portugal',12,'Portugal','https://thumb.resfu.com/img_data/players/medium/201156.jpg'),(204172,'Alexander Mesa Travieso',23,'DEL','1995-02-04',79,178,'Nano','España',15,'España','https://thumb.resfu.com/img_data/players/medium/204172.jpg'),(204715,'Daniel Pedro Calvo San Román',12,'DEF','1994-03-31',84,193,'Dani Calvo','España',17,'España','https://thumb.resfu.com/img_data/players/medium/204715.jpg'),(204754,'Rafael Mir Vicente',9,'DEL','1997-06-17',75,186,'R. Mir','España',18,'España','https://thumb.resfu.com/img_data/players/medium/204754.jpg'),(204877,'José Antonio Martínez Gil',5,'DEF','1993-02-11',80,189,'Martínez','España',16,'España','https://thumb.resfu.com/img_data/players/medium/204877.jpg'),(205429,'Brais Méndez Portela',23,'MED','1997-01-06',76,187,'Brais Méndez','España',19,'España','https://thumb.resfu.com/img_data/players/medium/205429.jpg'),(205602,'Nikola Vukcevic',17,'MED','1991-12-12',74,184,'N. Vukcevic','Montenegro',8,'Montenegro','https://thumb.resfu.com/img_data/players/medium/205602.jpg'),(205933,'Mickaël Malsa',12,'MED','1995-10-11',69,178,'M. Malsa','Martinica, Francia',8,'Martinica','https://thumb.resfu.com/img_data/players/medium/205933.jpg'),(206014,'Jeison Steven Lucumí Mina',20,'DEL','1995-04-07',63,177,'J. Lucumí','Colombia',17,'Colombia','https://thumb.resfu.com/img_data/players/medium/206014.jpg'),(207102,'Ignacio Vidal Miralles',2,'DEF','1995-01-23',75,180,'Nacho Vidal','España',3,'España','https://thumb.resfu.com/img_data/players/medium/207102.jpg'),(207179,'Jorge Sáenz De Miera Colmeiro',16,'DEF','1996-11-16',75,192,'Jorge Sáenz','España',19,'España','https://thumb.resfu.com/img_data/players/medium/207179.jpg'),(207490,'Alvaro Juan Cruz Armada',3,'DEF','1992-07-27',76,180,'Juan Cruz','España',3,'España','https://thumb.resfu.com/img_data/players/medium/207490.jpg'),(210058,'Youssouf Koné',18,'DEF','1995-07-04',76,174,'Y. Kone','Mali',17,'Mali','https://thumb.resfu.com/img_data/players/medium/210058.jpg'),(210114,'Darko Brasanac',8,'MED','1992-02-11',73,178,'D. Brasanac','Serbia',3,'Serbia','https://thumb.resfu.com/img_data/players/medium/210114.jpg'),(210319,'Abdoulay Diaby',0,'DEL','1991-05-20',71,173,'A. Diaby','Mali, Francia',5,'Mali','https://thumb.resfu.com/img_data/players/medium/210319.jpg'),(212603,'Yoshinori Muto',12,'DEL','1992-07-14',72,178,'Y. Muto','Japón',16,'Japón','https://thumb.resfu.com/img_data/players/medium/212603.jpg'),(213000,'Robert Kenedy Nunes Do Nascimento',24,'MED','1996-02-07',77,182,'Kenedy','Brasil',6,'Brasil','https://thumb.resfu.com/img_data/players/medium/213000.jpg'),(213301,'Omenuke Mfulu',6,'MED','1994-03-19',73,184,'Nuke Mfulu','República Democrática del Congo, Francia',17,'República Democrática del Congo','https://thumb.resfu.com/img_data/players/medium/213301.jpg'),(213413,'Erick Cathriel Cabaco Almada',3,'DEF','1995-04-18',75,186,'E. Cabaco','Uruguay',5,'Uruguay','https://thumb.resfu.com/img_data/players/medium/213413.jpg'),(217517,'Laureano Antonio Villa Suárez',19,'DEL','1995-01-06',61,171,'Toni Villa','España',13,'España','https://thumb.resfu.com/img_data/players/medium/217517.jpg'),(218138,'Federico San Emeterio Díaz',20,'MED','1997-03-15',68,174,'F. San Emeterio','España',13,'España','https://thumb.resfu.com/img_data/players/medium/218138.jpg'),(219475,'Martin Ødegaard',21,'MED','1998-12-16',68,176,'M. Ødegaard','Noruega',7,'Noruega','https://thumb.resfu.com/img_data/players/medium/219475.jpg'),(219866,'Luis Alfonso Espino García',22,'DEF','1992-01-04',71,171,'Pacha Espino','Uruguay',15,'Uruguay','https://thumb.resfu.com/img_data/players/medium/219866.jpg'),(222134,'Luka Jović',18,'DEL','1997-12-22',79,181,'L. Jović','Serbia, Bosnia-Herzegovina',7,'Serbia','https://thumb.resfu.com/img_data/players/medium/222134.jpg'),(222355,'Antonio Valera',30,'POR','1996-08-16',80,187,'A. Valera','España',18,'España','https://thumb.resfu.com/img_data/players/medium/222355.jpg'),(222400,'Carlos Neva Tey',15,'DEF','1996-06-11',64,175,'Carlos Neva','España',6,'España','https://thumb.resfu.com/img_data/players/medium/222400.jpg'),(223247,'Ferland Sinna Mendy',23,'DEF','1995-06-07',73,178,'F. Mendy','Francia, Senegal',7,'Francia','https://thumb.resfu.com/img_data/players/medium/223247.jpg'),(226983,'Yann Bodiger',12,'MED','1995-02-08',72,186,'Y. Bodiger','Francia',15,'Francia','https://thumb.resfu.com/img_data/players/medium/226983.jpg'),(227896,'Robin Le Normand',24,'DEF','1996-11-10',80,187,'R. Le Normand','Francia',10,'Francia','https://thumb.resfu.com/img_data/players/medium/227896.jpg'),(229430,'Domingos De Sousa Coutinho Meneses Duarte',22,'DEF','1995-03-09',78,191,'D. Duarte','Portugal',6,'Portugal','https://thumb.resfu.com/img_data/players/medium/229430.jpg'),(229477,'Shon Zalman Weissman',9,'DEL','1996-02-13',69,174,'S. Weissman','Israel',13,'Israel','https://thumb.resfu.com/img_data/players/medium/229477.jpg'),(230248,'José Luis Zalazar Martínez',27,'DEL','1998-05-04',73,176,'Kuki Zalazar','España',13,'España','https://thumb.resfu.com/img_data/players/medium/230248.jpg'),(230939,'Lucas Boyé',9,'DEL','1996-02-27',83,181,'L. Boyé','Argentina',17,'Argentina','https://thumb.resfu.com/img_data/players/medium/230939.jpg'),(232128,'Diego Carlos Santos Silva',20,'DEF','1993-03-14',79,184,'Diego Carlos','Brasil',20,'Brasil','https://thumb.resfu.com/img_data/players/medium/232128.jpg'),(234374,'Samuel Pérez Fariña',26,'POR','1997-04-25',69,179,'Samu Pérez','España',13,'España','https://thumb.resfu.com/img_data/players/medium/234374.jpg'),(235140,'Antonio Latorre Grueso',3,'DEF','1997-11-20',64,171,'Lato','España',12,'España','https://thumb.resfu.com/img_data/players/medium/235140.jpg'),(235682,'Daniel Martín Fernández',13,'POR','1998-07-07',76,186,'Dani','España',9,'España','https://thumb.resfu.com/img_data/players/medium/235682.jpg'),(237929,'Ivan Saponjic',17,'DEL','1997-08-01',83,189,'I. Šaponjić','Serbia',2,'Serbia','https://thumb.resfu.com/img_data/players/medium/237929.jpg'),(238043,'Javier Sánchez De Felipe',5,'DEF','1997-03-13',77,189,'Javi Sánchez','España',13,'España','https://thumb.resfu.com/img_data/players/medium/238043.jpg'),(239190,'Marko Dmitrović',1,'POR','1992-01-23',81,190,'M. Dmitrović','Serbia',16,'Serbia','https://thumb.resfu.com/img_data/players/medium/239190.jpg'),(239465,'Daniel Raba Antolín',12,'DEL','1995-10-28',74,184,'Raba','España',11,'España','https://thumb.resfu.com/img_data/players/medium/239465.jpg'),(239901,'Guido Rodríguez',21,'MED','1994-04-11',80,185,'G. Rodriguez','Argentina',9,'Argentina','https://thumb.resfu.com/img_data/players/medium/239901.jpg'),(240731,'Mouctar Diakhaby',12,'DEF','1996-12-18',74,192,'M. Diakhaby','Francia, Guinea',12,'Francia','https://thumb.resfu.com/img_data/players/medium/240731.jpg'),(240766,'Jokin Ezkieta Mendiburu',13,'POR','1996-08-16',80,193,'Jokin','España',1,'España','https://thumb.resfu.com/img_data/players/medium/240766.jpg'),(240939,'Mauro Wilney Arambarri Rosa',18,'MED','1995-09-29',71,177,'M. Arambarri','Uruguay',5,'Uruguay','https://thumb.resfu.com/img_data/players/medium/240939.jpg'),(241280,'Lucas Torreira Di Pascua',5,'MED','1996-02-10',61,168,'L. Torreira','Uruguay, España',2,'Uruguay','https://thumb.resfu.com/img_data/players/medium/241280.jpg'),(241919,'Ousmane Dembélé',11,'DEL','1997-05-14',61,177,'O. Dembélé','Francia',4,'Francia','https://thumb.resfu.com/img_data/players/medium/241919.jpg'),(242164,'Martín Aguirregabiria Padilla',21,'DEF','1996-05-09',70,178,'M. Aguirregabiria','España',14,'España','https://thumb.resfu.com/img_data/players/medium/242164.jpg'),(245395,'Jaime Seoane Valenciano',20,'MED','1997-01-21',70,177,'J. Seoane','España',18,'España','https://thumb.resfu.com/img_data/players/medium/245395.jpg'),(246997,'Alfonso Pedraza Sag',24,'DEF','1996-04-08',75,182,'A. Pedraza','España',11,'España','https://thumb.resfu.com/img_data/players/medium/246997.jpg'),(248082,'Manuel Javier Vallejo Galván',21,'DEL','1997-02-13',62,167,'M. Vallejo','España',12,'España','https://thumb.resfu.com/img_data/players/medium/248082.jpg'),(248818,'Pervis Josué Estupiñán Tenorio',15,'DEF','1998-01-20',79,175,'P. Estupiñán','Ecuador',11,'Ecuador','https://thumb.resfu.com/img_data/players/medium/248818.jpg'),(250738,'Héctor Junior Firpo Adamés',24,'DEF','1996-08-21',78,184,'Junior','España, República Dominicana',4,'España','https://thumb.resfu.com/img_data/players/medium/250738.jpg'),(251043,'João Paulo Santos Da Costa',35,'POR','1996-02-01',78,185,'Andorinha','Portugal',6,'Portugal','https://thumb.resfu.com/img_data/players/medium/251043.jpg'),(274684,'Daniel Cárdenas Lindez',34,'POR','1997-03-27',74,184,'Cárdenas','España',8,'España','https://thumb.resfu.com/img_data/players/medium/274684.jpg'),(275862,'Carles Aleña Castillo',6,'MED','1998-01-04',70,180,'C. Aleñá','España',4,'España','https://thumb.resfu.com/img_data/players/medium/275862.jpg'),(275864,'Marc Cucurella Saseta',15,'MED','1998-07-21',68,173,'M. Cucurella','España',5,'España','https://thumb.resfu.com/img_data/players/medium/275864.jpg'),(276603,'Francisco Guerrero Martin',0,'DEF','1996-03-10',78,175,'Francis Guerrero','España',9,'España','https://thumb.resfu.com/img_data/players/medium/276603.jpg'),(276807,'Joseph Aidoo',18,'DEF','1995-09-28',80,184,'J. Aidoo','Ghana',19,'Ghana','https://thumb.resfu.com/img_data/players/medium/276807.jpg'),(279661,'Frenkie De Jong',21,'MED','1997-05-11',69,179,'F. De Jong','Países Bajos',4,'Países Bajos','https://thumb.resfu.com/img_data/players/medium/279661.jpg'),(280863,'Igor Zubeldia Elorza',5,'MED','1997-03-29',79,180,'I. Zubeldia','España',10,'España','https://thumb.resfu.com/img_data/players/medium/280863.jpg'),(281486,'Federico Santiago Valverde Dipetta',15,'MED','1998-07-21',74,181,'F. Valverde','Uruguay, España',7,'Uruguay','https://thumb.resfu.com/img_data/players/medium/281486.jpg'),(281680,'Mikel Oyarzabal Ugarte',10,'DEL','1997-04-20',75,180,'M. Oyarzabal','España',10,'España','https://thumb.resfu.com/img_data/players/medium/281680.jpg'),(282294,'Carlos Soler Barragán',8,'MED','1997-01-01',76,180,'C. Soler','España',12,'España','https://thumb.resfu.com/img_data/players/medium/282294.jpg'),(282577,'Eduardo Expósito Jaén',10,'MED','1996-07-31',67,180,'Expósito','España',16,'España','https://thumb.resfu.com/img_data/players/medium/282577.jpg'),(283197,'Jose Antonio Morente Oliva',11,'DEL','1996-12-03',70,175,'Tete Morente','España',17,'España','https://thumb.resfu.com/img_data/players/medium/283197.jpg'),(283514,'Juan Camilo Hernández Suárez',23,'DEL','1999-04-21',73,175,'Cucho','Colombia',5,'Colombia','https://thumb.resfu.com/img_data/players/medium/283514.jpg'),(283548,'Enrique Perez Muñoz',8,'MED','1997-02-13',78,184,'Kike Perez','España',13,'España','https://thumb.resfu.com/img_data/players/medium/283548.jpg'),(283594,'Maximiliano Gómez González',22,'DEL','1996-08-13',86,186,'M. Gómez','Uruguay',12,'Uruguay','https://thumb.resfu.com/img_data/players/medium/283594.jpg'),(283901,'Óscar Rodríguez Arnaiz',14,'MED','1998-06-27',67,174,'Óscar','España',20,'España','https://thumb.resfu.com/img_data/players/medium/283901.jpg'),(284543,'Ignacio Peña Sotorres',26,'POR','1999-03-01',78,184,'Iñaki Peña','España',4,'España','https://thumb.resfu.com/img_data/players/medium/284543.jpg'),(284547,'Alejandro Blanco Sánchez',37,'DEL','1998-12-15',70,178,'Álex Blanco','España',12,'España','https://thumb.resfu.com/img_data/players/medium/284547.jpg'),(285284,'Enis Bardhi',10,'MED','1995-07-01',67,169,'E. Bardhi','Macedonia',8,'Macedonia','https://thumb.resfu.com/img_data/players/medium/285284.jpg'),(289953,'Darío Poveda Romera',19,'DEL','1997-03-12',75,185,'Darío','España',5,'España','https://thumb.resfu.com/img_data/players/medium/289953.jpg'),(289964,'Pau Francisco Torres',4,'DEF','1997-01-15',80,192,'Pau','España',11,'España','https://thumb.resfu.com/img_data/players/medium/289964.jpg'),(291862,'Javier Díaz Sánchez',31,'POR','1997-05-14',75,185,'J. Díaz','España',20,'España','https://thumb.resfu.com/img_data/players/medium/291862.jpg'),(293099,'Christian Jesús Martínez',0,'DEL','1997-02-05',79,170,'C. Martinez','Panamá',15,'Panamá','https://thumb.resfu.com/img_data/players/medium/293099.jpg'),(295528,'Samuel Chimerenka Chukwueze',11,'DEL','1999-05-21',70,172,'S. Chukwueze','Nigeria',11,'Nigeria','https://thumb.resfu.com/img_data/players/medium/295528.jpg'),(295561,'Kelechi Nwakali',26,'MED','1998-06-04',76,181,'K. Nwakali','Nigeria',18,'Nigeria','https://thumb.resfu.com/img_data/players/medium/295561.jpg'),(295747,'Joris Gnagnon',2,'DEF','1997-01-12',89,182,'J. Gnagnon','Francia, Costa de Marfil',20,'Francia','https://thumb.resfu.com/img_data/players/medium/295747.jpg'),(296305,'Éder Gabriel Militão',3,'DEF','1998-01-17',79,186,'Éder Militão','Brasil',7,'Brasil','https://thumb.resfu.com/img_data/players/medium/296305.jpg'),(300184,'Aritz Castro Pérez',31,'POR','1998-05-19',71,179,'Aritz Castro','España',14,'España','https://thumb.resfu.com/img_data/players/medium/300184.jpg'),(301340,'Alexander Isak',19,'DEL','1999-09-20',74,190,'A. Isak','Suecia, Eritrea',10,'Suecia','https://thumb.resfu.com/img_data/players/medium/301340.jpg'),(301358,'Oussama Idrissi',23,'DEL','1996-02-25',78,183,'O. Idrissi','Marruecos',20,'Marruecos','https://thumb.resfu.com/img_data/players/medium/301358.jpg'),(303368,'Marcos André De Sousa Mendonça',16,'DEL','1996-10-19',78,184,'Marcos André','Brasil',13,'Brasil','https://thumb.resfu.com/img_data/players/medium/303368.jpg'),(307103,'Daniel Escriche Romero',23,'DEL','1998-03-23',70,178,'D. Escriche','España',18,'España','https://thumb.resfu.com/img_data/players/medium/307103.jpg'),(308022,'Emre Mor',11,'DEL','1997-07-23',60,169,'E. Mor','Turquía, Dinamarca',19,'Turquía','https://thumb.resfu.com/img_data/players/medium/308022.jpg'),(308966,'Jorge De Frutos Sebastian',18,'DEL','1997-02-19',72,173,'J. De Frutos','España',8,'España','https://thumb.resfu.com/img_data/players/medium/308966.jpg'),(309516,'Cristian Rivero Sabater',25,'POR','1998-03-20',75,188,'C. Rivero','España',12,'España','https://thumb.resfu.com/img_data/players/medium/309516.jpg'),(309864,'Jules Kounde',12,'DEF','1998-11-11',70,178,'J. Kounde','Francia, Benin',20,'Francia','https://thumb.resfu.com/img_data/players/medium/309864.jpg'),(310033,'Francisco José Beltrán Peinado',8,'MED','1999-02-02',64,165,'F. Beltrán','España',19,'España','https://thumb.resfu.com/img_data/players/medium/310033.jpg'),(311763,'Aitor Ruibal Garcia',24,'DEL','1996-03-21',75,180,'A. Ruibal','España',9,'España','https://thumb.resfu.com/img_data/players/medium/311763.jpg'),(312225,'Daniel Gómez Alcón',21,'DEL','1998-07-29',70,177,'D. Gómez','España',8,'España','https://thumb.resfu.com/img_data/players/medium/312225.jpg'),(312256,'Gorka Zabarte Moreno',30,'DEF','1999-01-08',76,175,'G. Zabarte','España',3,'España','https://thumb.resfu.com/img_data/players/medium/312256.jpg'),(314364,'Yangel Clemente Herrera Ravelo',21,'MED','1998-01-06',72,184,'Y. Herrera','Venezuela',6,'Venezuela','https://thumb.resfu.com/img_data/players/medium/314364.jpg'),(316978,'João Pedro Neves Filipe',40,'DEL','1999-03-29',60,175,'Jota','Portugal',13,'Portugal','https://thumb.resfu.com/img_data/players/medium/316978.jpg'),(317647,'Luis Javier Suarez Charris',7,'DEL','1997-12-01',74,185,'Luis Suárez','Colombia',6,'Colombia','https://thumb.resfu.com/img_data/players/medium/317647.jpg'),(319464,'Thierry Rendall Correia',2,'DEF','1999-03-08',60,180,'Thierry Correia','Portugal',12,'Portugal','https://thumb.resfu.com/img_data/players/medium/319464.jpg'),(320249,'Andriy Lunin',13,'POR','1999-02-10',78,191,'A. Lunin','Ucrania',7,'Ucrania','https://thumb.resfu.com/img_data/players/medium/320249.jpg'),(321457,'Saturday Keigo Erimuya',28,'DEF','1998-01-09',75,190,'Saturday','Nigeria',15,'Nigeria','https://thumb.resfu.com/img_data/players/medium/321457.jpg'),(321919,'Jawad El Yamiq',15,'DEF','1992-02-28',83,190,'J. El Yamiq','Marruecos',13,'Marruecos','https://thumb.resfu.com/img_data/players/medium/321919.jpg'),(323688,'Youssef En Nesyri',15,'DEL','1997-05-31',73,189,'En-Nesyri','Marruecos',20,'Marruecos','https://thumb.resfu.com/img_data/players/medium/323688.jpg'),(325848,'Álex Sola López-Ocaña',0,'DEF','1999-06-08',75,178,'Sola','España',10,'España','https://thumb.resfu.com/img_data/players/medium/325848.jpg'),(326081,'Aritz Arambarri Murua',33,'DEF','1998-01-30',76,186,'Aritz','España',10,'España','https://thumb.resfu.com/img_data/players/medium/326081.jpg'),(328280,'Alejandro Pozo Pozo',22,'DEF','1999-02-21',70,174,'Pozo','España',16,'España','https://thumb.resfu.com/img_data/players/medium/328280.jpg'),(328414,'Álvaro Fernández Llorente',1,'POR','1998-04-12',75,186,'Álvaro Fernández','España',18,'España','https://thumb.resfu.com/img_data/players/medium/328414.jpg'),(331803,'Uros Racic',19,'MED','1998-03-16',81,193,'U. Racic','Serbia',12,'Serbia','https://thumb.resfu.com/img_data/players/medium/331803.jpg'),(334012,'Gaizka Campos Bahillo',31,'POR','1997-05-15',82,189,'G. Campos','España',13,'España','https://thumb.resfu.com/img_data/players/medium/334012.jpg'),(334103,'Idrissa Doumbia',2,'MED','1998-04-13',75,187,'I. Doumbia','Costa de Marfil',18,'Costa de Marfil','https://thumb.resfu.com/img_data/players/medium/334103.jpg'),(335085,'Takefusa Kubo',16,'MED','2001-06-03',69,167,'T. Kubo','Japón',11,'Japón','https://thumb.resfu.com/img_data/players/medium/335085.jpg'),(336683,'Íñigo Vicente Elorduy',26,'DEL','1998-01-05',68,178,'Íñigo Vicente','España',1,'España','https://thumb.resfu.com/img_data/players/medium/336683.jpg'),(337668,'Peru Nolaskoain Esnal',23,'DEF','1998-10-24',81,186,'P. Nolaskoain','España',1,'España','https://thumb.resfu.com/img_data/players/medium/337668.jpg'),(339656,'Jon Morcillo Conesa',2,'DEL','1998-09-14',72,183,'Morcillo','España',1,'España','https://thumb.resfu.com/img_data/players/medium/339656.jpg'),(340153,'Francisco António Machado Mota Castro Trincão',17,'DEL','1999-12-28',70,186,'Trincão','Portugal',4,'Portugal','https://thumb.resfu.com/img_data/players/medium/340153.jpg'),(341318,'Oriol Rey Erenas',29,'MED','1998-02-24',70,177,'O. Rey','España',13,'España','https://thumb.resfu.com/img_data/players/medium/341318.jpg'),(341323,'Óscar Mingueza García',28,'DEF','1999-05-12',75,184,'Ó. Mingueza','España',4,'España','https://thumb.resfu.com/img_data/players/medium/341323.jpg'),(341347,'João Félix Sequeira',7,'DEL','1999-11-09',64,178,'João Félix','Portugal',2,'Portugal','https://thumb.resfu.com/img_data/players/medium/341347.jpg'),(342212,'Renan Augusto Lodi Dos Santos',12,'DEF','1998-04-07',74,178,'R. Lodi','Brasil',2,'Brasil','https://thumb.resfu.com/img_data/players/medium/342212.jpg'),(342268,'Álvaro Fernández Calvo',35,'POR','2000-04-09',75,182,'Á. Fernández','España',19,'España','https://thumb.resfu.com/img_data/players/medium/342268.jpg'),(342269,'Sergio Gómez Martín',10,'MED','2000-09-03',62,174,'S. Gómez','España',18,'España','https://thumb.resfu.com/img_data/players/medium/342269.jpg'),(342270,'Juan Miranda González',33,'DEF','2000-01-18',76,185,'J. Miranda','España',9,'España','https://thumb.resfu.com/img_data/players/medium/342270.jpg'),(342273,'Hugo Guillamón Sanmartín',15,'DEF','2000-01-30',65,182,'H. Guillamón','España',12,'España','https://thumb.resfu.com/img_data/players/medium/342273.jpg'),(342275,'Diego Varela Pampin',29,'DEF','2000-03-14',65,175,'D. Pampin','España',19,'España','https://thumb.resfu.com/img_data/players/medium/342275.jpg'),(342276,'Asier Córdoba Querejeta',32,'DEL','2000-03-30',70,184,'A. Cordoba','España',3,'España','https://thumb.resfu.com/img_data/players/medium/342276.jpg'),(342301,'Víctor Chust García',32,'DEF','2000-03-04',79,182,'V. Chust','España',7,'España','https://thumb.resfu.com/img_data/players/medium/342301.jpg'),(343862,'Ander Guevara Lajo',16,'MED','1997-07-06',73,180,'A. Guevara','España',10,'España','https://thumb.resfu.com/img_data/players/medium/343862.jpg'),(343870,'Emerson Aparecido Leite De Souza Junior',22,'DEF','1999-01-13',79,181,'Emerson','Brasil',9,'Brasil','https://thumb.resfu.com/img_data/players/medium/343870.jpg'),(346357,'Neyder Yessy Lozano Rentería',18,'DEF','1994-03-03',82,185,'Neyder Yessy','Colombia',6,'Colombia','https://thumb.resfu.com/img_data/players/medium/346357.jpg'),(348347,'Diego Martín Rodríguez',1,'POR','1989-06-24',77,184,'Ruso Rodríguez','Argentina',17,'Argentina','https://thumb.resfu.com/img_data/players/medium/348347.jpg'),(348472,'Kang-in Lee',20,'MED','2001-02-18',60,173,'Kang-In Lee','Corea del Sur',12,'Corea del Sur','https://thumb.resfu.com/img_data/players/medium/348472.jpg'),(348502,'Matheus Fernandes Siqueira',19,'MED','1998-06-29',67,183,'M. Fernandes','Brasil',4,'Brasil','https://thumb.resfu.com/img_data/players/medium/348502.jpg'),(348974,'Javier Martinez Calvo',28,'MED','1999-12-21',68,180,'Javi','España',3,'España','https://thumb.resfu.com/img_data/players/medium/348974.jpg'),(355710,'Ronald Federico Araujo Da Silva',4,'DEF','1999-03-06',91,185,'R. Araujo','Uruguay',4,'Uruguay','https://thumb.resfu.com/img_data/players/medium/355710.jpg'),(357520,'Juan Manuel Sanabria Magole',35,'MED','2000-03-28',0,170,'J. Sanabria','Uruguay',2,'Uruguay','https://thumb.resfu.com/img_data/players/medium/357520.jpg'),(357898,'Miguel Angel Atienza Villa',33,'MED','1999-05-26',77,186,'M. Atienza','España',16,'España','https://thumb.resfu.com/img_data/players/medium/357898.jpg'),(358618,'Vinicius José Paixão De Oliveira Júnior',20,'DEL','2000-07-11',67,177,'Vinicius Jr.','Brasil',7,'Brasil','https://thumb.resfu.com/img_data/players/medium/358618.jpg'),(365130,'Jon Mikel Magunagoitia Blasco',30,'POR','2000-08-05',78,183,'Jonmi','España',16,'España','https://thumb.resfu.com/img_data/players/medium/365130.jpg'),(365495,'Patricio Nehuén Pérez',3,'DEF','2000-06-23',75,186,'N. Pérez','Argentina',6,'Argentina','https://thumb.resfu.com/img_data/players/medium/365495.jpg'),(365799,'Diego Lainez Leyva',20,'MED','2000-06-08',58,168,'D. Lainez','México',9,'México','https://thumb.resfu.com/img_data/players/medium/365799.jpg'),(365923,'Rodrygo Silva De Goes',25,'DEL','2001-01-08',62,171,'Rodrygo','Brasil',7,'Brasil','https://thumb.resfu.com/img_data/players/medium/365923.jpg'),(368565,'Juan Marcos Foyth',8,'DEF','1998-01-11',69,179,'J. Foyth','Argentina, España',11,'Argentina','https://thumb.resfu.com/img_data/players/medium/368565.jpg'),(372110,'Alberto Soro Álvarez',26,'DEL','1999-03-08',64,173,'A. Soro','España',6,'España','https://thumb.resfu.com/img_data/players/medium/372110.jpg'),(373420,'Martín Zubimendi Ibañez',36,'MED','1999-02-01',74,181,'Zubimendi','España',10,'España','https://thumb.resfu.com/img_data/players/medium/373420.jpg'),(388865,'Jérémy Damien Blasco',32,'DEF','1999-02-11',79,185,'J. Blasco','Francia',10,'Francia','https://thumb.resfu.com/img_data/players/medium/388865.jpg'),(388866,'Aihen Muñoz Capellán',12,'DEF','1997-08-15',72,175,'Aihen Muñoz','España',10,'España','https://thumb.resfu.com/img_data/players/medium/388866.jpg'),(391001,'Juan Flere Pizzuti',26,'POR','1998-05-11',68,182,'Juan Flere','Italia',15,'Italia','https://thumb.resfu.com/img_data/players/medium/391001.jpg'),(393084,'Marc Baró Ortíz',27,'DEF','1999-08-22',72,180,'Marc Baró','España',15,'España','https://thumb.resfu.com/img_data/players/medium/393084.jpg'),(393909,'Modibo Sagnan',15,'DEF','1999-04-13',71,187,'Modibo Sagnan','Francia, Mali',10,'Francia','https://thumb.resfu.com/img_data/players/medium/393909.jpg'),(406918,'Víctor Mollejo Carpintero',26,'DEL','2001-01-20',71,176,'V. Mollejo','España',5,'España','https://thumb.resfu.com/img_data/players/medium/406918.jpg'),(423294,'Miguel Ángel Rubio Lestan',30,'DEF','1998-03-10',80,190,'Miguel Rubio','España',13,'España','https://thumb.resfu.com/img_data/players/medium/423294.jpg'),(423494,'Sergio González Martínez',23,'MED','1997-05-13',77,184,'Sergio','España',15,'España','https://thumb.resfu.com/img_data/players/medium/423494.jpg'),(425602,'Oier Zárraga Egaña',28,'MED','1999-01-03',75,175,'Zárraga','España',1,'España','https://thumb.resfu.com/img_data/players/medium/425602.jpg'),(425790,'Habeeb Omobolaji Adekanye',32,'DEL','1999-02-13',62,170,'Bobby Adekanye','Países Bajos',15,'Países Bajos','https://thumb.resfu.com/img_data/players/medium/425790.jpg'),(426641,'Luis Castillo Grau',28,'POR','2000-01-30',79,183,'L. Castillo','España',17,'España','https://thumb.resfu.com/img_data/players/medium/426641.jpg'),(426996,'Sergio Camello Pérez',27,'DEL','2001-02-09',72,177,'S. Camello','España',2,'España','https://thumb.resfu.com/img_data/players/medium/426996.jpg'),(427161,'Ricard Puig Martí',12,'MED','1999-08-12',68,169,'Riqui Puig','España',4,'España','https://thumb.resfu.com/img_data/players/medium/427161.jpg'),(427164,'Javier Enrique Delgado Saverio',37,'DEL','1999-06-18',69,178,'Kike Saverio','Ecuador',3,'Ecuador','https://thumb.resfu.com/img_data/players/medium/427164.jpg'),(427578,'Sergio López Galache',33,'DEF','1999-04-07',69,179,'S. López','España',13,'España','https://thumb.resfu.com/img_data/players/medium/427578.jpg'),(427591,'Miguel Baeza Pérez',27,'MED','2000-03-26',76,177,'M. Baeza','España',19,'España','https://thumb.resfu.com/img_data/players/medium/427591.jpg'),(427600,'Sergio Arribas Calvo',30,'MED','2001-09-29',60,171,'S. Arribas','España',7,'España','https://thumb.resfu.com/img_data/players/medium/427600.jpg'),(428368,'Bryan Gil Salvatierra',25,'DEL','2001-02-10',60,176,'Bryan Gil','España',16,'España','https://thumb.resfu.com/img_data/players/medium/428368.jpg'),(429346,'Sergiño Dest',2,'DEF','2000-11-02',62,174,'S. Dest','Estados Unidos',4,'Estados Unidos','https://thumb.resfu.com/img_data/players/medium/429346.jpg'),(437453,'Edgar Paul Akouokou',4,'MED','1997-12-19',68,181,'Paul','Costa de Marfil',9,'Costa de Marfil','https://thumb.resfu.com/img_data/players/medium/437453.jpg'),(460285,'Jon Moncayola Tollar',27,'MED','1998-05-12',66,175,'Moncayola','España',3,'España','https://thumb.resfu.com/img_data/players/medium/460285.jpg'),(460639,'Sergio Carreira Vilariño',34,'DEF','2000-10-12',65,170,'S. Carreira','España',19,'España','https://thumb.resfu.com/img_data/players/medium/460639.jpg'),(465073,'Ante Palaversa',14,'MED','2000-04-05',77,187,'A. Palaversa','Croacia',5,'Croacia','https://thumb.resfu.com/img_data/players/medium/465073.jpg'),(468129,'Arnau Tenas Ureña',36,'POR','2001-05-29',75,185,'A. Tenas','España',4,'España','https://thumb.resfu.com/img_data/players/medium/468129.jpg'),(470770,'José Blanco Lopez',28,'MED','1999-07-28',0,0,'Pepe Blanco','España',14,'España','https://thumb.resfu.com/img_data/players/medium/470770.jpg'),(477407,'Yunus Dimoara Musah',30,'MED','2002-11-28',0,178,'Y. Musah','Inglaterra, Ghana',12,'Inglaterra','https://thumb.resfu.com/img_data/players/medium/477407.jpg'),(478829,'Diego Altube Suárez',26,'POR','2000-02-21',84,188,'Altube','España',7,'España','https://thumb.resfu.com/img_data/players/medium/478829.jpg'),(484363,'Tomás Franco Tavares',0,'DEF','2001-03-06',77,187,'T. Tavares','Portugal',14,'Portugal','https://thumb.resfu.com/img_data/players/medium/484363.jpg'),(496914,'Eñaut Mendia Berasategui',28,'DEL','1999-06-24',0,185,'Eñaut','España',16,'España','https://thumb.resfu.com/img_data/players/medium/496914.jpg'),(556622,'Unai Vencedor Paris',27,'MED','2000-11-14',70,176,'Unai Vencedor','España',1,'España','https://thumb.resfu.com/img_data/players/medium/556622.jpg'),(556623,'Aitor Paredes Casamichana',38,'DEF','2000-04-28',74,183,'Aitor Paredes','España',1,'España','https://thumb.resfu.com/img_data/players/medium/556623.jpg'),(556626,'Oihan Sancet Tirapu',16,'MED','2000-04-24',72,188,'O. Sancet','España',1,'España','https://thumb.resfu.com/img_data/players/medium/556626.jpg'),(630251,'Daniel Rebollo Franco',30,'POR','1999-12-09',77,185,'Rebollo','España',9,'España','https://thumb.resfu.com/img_data/players/medium/630251.jpg'),(634147,'Roberto López Alcaide',28,'MED','2000-04-23',70,180,'Roberto López','España',10,'España','https://thumb.resfu.com/img_data/players/medium/634147.jpg'),(661711,'Koba Lein Koindredi',27,'MED','2001-10-26',0,167,'K. Koindredi','Francia',12,'Francia','https://thumb.resfu.com/img_data/players/medium/661711.jpg'),(669258,'Cesar Moreno Meca',30,'MED','2001-04-22',71,183,'C. Moreno','España',17,'España','https://thumb.resfu.com/img_data/players/medium/669258.jpg'),(678234,'Jon Pacheco Dozagarat',26,'DEF','2001-01-07',77,184,'J. Pacheco','España',10,'España','https://thumb.resfu.com/img_data/players/medium/678234.jpg'),(713731,'Robert Navarro Muñoz',29,'MED','2002-04-11',65,178,'R. Navarro','España',10,'España','https://thumb.resfu.com/img_data/players/medium/713731.jpg'),(726330,'Kevin Carlos Omoruyi Benjamín',27,'DEL','2000-12-31',0,188,'K. Omoruyi','España',18,'España','https://thumb.resfu.com/img_data/players/medium/726330.jpg'),(731329,'Vicente Esquerdo Santas',26,'MED','1999-01-01',75,182,'V. Esquerdo','España',12,'España','https://thumb.resfu.com/img_data/players/medium/731329.jpg'),(733737,'Unai Dufur Espelosín',29,'MED','1998-12-31',0,183,'Dufur','España',16,'España','https://thumb.resfu.com/img_data/players/medium/733737.jpg'),(741503,'Guillem Molina Gutiérrez',31,'DEF','2000-05-02',68,183,'Guillem Molina','España',12,'España','https://thumb.resfu.com/img_data/players/medium/741503.jpg'),(742259,'Sergi García Pérez',27,'MED','1999-04-13',0,0,'Sergi García','España',14,'España','https://thumb.resfu.com/img_data/players/medium/742259.jpg'),(745973,'Javier López Carballo',26,'DEF','2002-03-24',0,183,'Javi López','España',14,'España','https://thumb.resfu.com/img_data/players/medium/745973.jpg'),(752814,'Ricard Sánchez Sendra',29,'DEF','2000-02-21',67,175,'Ricard','España',2,'España','https://thumb.resfu.com/img_data/players/medium/752814.jpg'),(759876,'Jose Manuel Fontán Mondragón',29,'DEF','2000-02-10',0,183,'Jose Fontán','España',19,'España','https://thumb.resfu.com/img_data/players/medium/759876.jpg'),(769341,'Aimar Oroz Huarte',29,'MED','2001-11-26',0,177,'Aimar Oroz','España',3,'España','https://thumb.resfu.com/img_data/players/medium/769341.jpg'),(776229,'Manuel Sánchez De La Peña',3,'DEF','2000-08-23',70,179,'Manu Sánchez','España',2,'España','https://thumb.resfu.com/img_data/players/medium/776229.jpg'),(776256,'Konrad De La Fuente',29,'DEL','2001-07-15',60,173,'Konrad','Estados Unidos, España',4,'Estados Unidos','https://thumb.resfu.com/img_data/players/medium/776256.jpg'),(776260,'Anssumane Fati Vieira',22,'DEL','2002-10-30',55,178,'Ansu Fati','España',4,'España','https://thumb.resfu.com/img_data/players/medium/776260.jpg'),(776273,'Marvin Olawale Akinlabi Park',28,'MED','2000-03-06',64,178,'Marvin','España, Corea del Sur',7,'España','https://thumb.resfu.com/img_data/players/medium/776273.jpg'),(804647,'Borja Sainz Eguskiza',29,'DEL','2001-01-31',75,178,'Borja Sainz','España',14,'España','https://thumb.resfu.com/img_data/players/medium/804647.jpg'),(805812,'Yeremi Jesús Pino Santos',30,'MED','2002-10-19',0,0,'Yeremi Pino','España',11,'España','https://thumb.resfu.com/media/img/avatar-player.jpg'),(805831,'Miguel Rodríguez Vidal',32,'DEL','2003-04-28',0,186,'Miguel','España',19,'España','https://thumb.resfu.com/img_data/players/medium/805831.jpg'),(822315,'Ander Barrenetxea Muguruza',22,'DEL','2001-12-26',74,175,'A. Barrenetxea','España',10,'España','https://thumb.resfu.com/img_data/players/medium/822315.jpg'),(824994,'Diego Vicente Bri Carrazoni',40,'DEL','2001-12-31',0,0,'Diego Bri','España',17,'España','https://thumb.resfu.com/img_data/players/medium/824994.jpg'),(825303,'Julen Lobete Cienfuegos',35,'DEL','2000-09-17',0,178,'Lobete','España',10,'España','https://thumb.resfu.com/img_data/players/medium/825303.jpg'),(828668,'Francisco Javier Delgado Rojano',32,'DEF','2001-07-10',62,177,'Fran Delgado','España',9,'España','https://thumb.resfu.com/img_data/players/medium/828668.jpg'),(842264,'Geovanni Barba Jiménez',37,'DEF','2001-05-16',69,180,'Geovanni','España',9,'España','https://thumb.resfu.com/img_data/players/medium/842264.jpg'),(862673,'Abdallahi Mohamed Mahmoud',30,'MED','2000-05-03',0,187,'Abdallahi Mahmoud','Mauritania',14,'Mauritania','https://thumb.resfu.com/img_data/players/medium/862673.jpg'),(867683,'Santiago Ramos Mingo',32,'DEF','2001-11-20',75,185,'Ramos Mingo','Argentina',4,'Argentina','https://thumb.resfu.com/img_data/players/medium/867683.jpg'),(869514,'Pedro González López',16,'MED','2002-11-24',60,174,'Pedri','España',4,'España','https://thumb.resfu.com/img_data/players/medium/869514.jpg'),(870216,'Fernando Niño Rodríguez',34,'DEL','2000-10-23',0,190,'Fer Niño','España',11,'España','https://thumb.resfu.com/img_data/players/medium/870216.jpg'),(872213,'Alejandro Baena Rodríguez',32,'MED','2001-07-19',0,193,'Alex Baena','España',11,'España','https://thumb.resfu.com/img_data/players/medium/872213.jpg'),(874645,'Gabriel Veiga Novas',31,'MED','2002-05-26',0,178,'G. Veiga','España',19,'España','https://thumb.resfu.com/img_data/players/medium/874645.jpg'),(875152,'José Manuel Cabrera López',27,'DEF','2001-06-22',0,0,'Lanchi','España',11,'España','https://thumb.resfu.com/img_data/players/medium/875152.jpg'),(875161,'Gerard Barri Paytuvi',32,'DEF','2001-01-01',0,0,'G. Barri','España',17,'España','https://thumb.resfu.com/img_data/players/medium/875161.jpg'),(878182,'Urko González De Zarate Quirós',37,'DEF','2001-03-19',0,0,'Urko','España',10,'España','https://thumb.resfu.com/img_data/players/medium/878182.jpg'),(878275,'Unai Arietaleanizbeaskoa Bergara',32,'DEL','1998-12-31',0,175,'Unai','España',16,'España','https://thumb.resfu.com/img_data/players/medium/878275.jpg'),(878369,'Jose Salinas Moran',33,'DEF',NULL,0,0,'J. Salinas','España',17,'España','https://thumb.resfu.com/img_data/players/medium/878369.jpg'),(879211,'Lucas Cañizares Conchello',42,'POR','2002-05-09',0,186,'L. Cañizares','España',7,'España','https://thumb.resfu.com/img_data/players/medium/879211.jpg'),(886898,'Iago Dominguez Rodriguez',26,'POR','2001-11-21',0,188,'Iago','España',19,'España','https://thumb.resfu.com/img_data/players/medium/886898.jpg'),(911380,'Jonatan Carmona Alamo',37,'DEL','2001-09-24',0,0,'J. Álamo','España',17,'España','https://thumb.resfu.com/img_data/players/medium/911380.jpg');
/*!40000 ALTER TABLE `jugador` ENABLE KEYS */;
UNLOCK TABLES;

--
-- Table structure for table `partido`
--

DROP TABLE IF EXISTS `partido`;
/*!40101 SET @saved_cs_client     = @@character_set_client */;
/*!50503 SET character_set_client = utf8mb4 */;
CREATE TABLE `partido` (
  `id_partido` smallint(5) unsigned NOT NULL AUTO_INCREMENT,
  `goles_local` tinyint(3) unsigned DEFAULT NULL,
  `goles_visitante` tinyint(3) unsigned DEFAULT NULL,
  `fecha` datetime DEFAULT NULL,
  `disputado` tinyint(1) DEFAULT '0',
  `id_equipo_local` tinyint(3) unsigned DEFAULT NULL,
  `id_equipo_visitante` tinyint(3) unsigned DEFAULT NULL,
  `id_jornada` tinyint(3) unsigned DEFAULT NULL,
  `id_arbitro` tinyint(3) unsigned DEFAULT NULL,
  `asistencia` mediumint(8) unsigned DEFAULT NULL,
  `id_arbitro_var` tinyint(3) unsigned DEFAULT NULL,
  PRIMARY KEY (`id_partido`),
  KEY `partido_FK` (`id_jornada`),
  KEY `partido_FK_1` (`id_equipo_local`),
  KEY `partido_FK_2` (`id_equipo_visitante`),
  KEY `partido_fk_3` (`id_arbitro`),
  KEY `partido_fk_4` (`id_arbitro_var`),
  CONSTRAINT `partido_FK` FOREIGN KEY (`id_jornada`) REFERENCES `jornada` (`id_jornada`) ON DELETE SET NULL,
  CONSTRAINT `partido_FK_1` FOREIGN KEY (`id_equipo_local`) REFERENCES `equipo` (`id_equipo`),
  CONSTRAINT `partido_FK_2` FOREIGN KEY (`id_equipo_visitante`) REFERENCES `equipo` (`id_equipo`),
  CONSTRAINT `partido_fk_3` FOREIGN KEY (`id_arbitro`) REFERENCES `arbitro` (`id_arbitro`) ON DELETE SET NULL ON UPDATE CASCADE,
  CONSTRAINT `partido_fk_4` FOREIGN KEY (`id_arbitro_var`) REFERENCES `arbitro` (`id_arbitro`) ON DELETE SET NULL ON UPDATE CASCADE
) ENGINE=InnoDB AUTO_INCREMENT=381 DEFAULT CHARSET=utf8 COLLATE=utf8_unicode_ci;
/*!40101 SET character_set_client = @saved_cs_client */;

--
-- Dumping data for table `partido`
--

LOCK TABLES `partido` WRITE;
/*!40000 ALTER TABLE `partido` DISABLE KEYS */;
INSERT INTO `partido` VALUES (1,NULL,NULL,NULL,0,16,19,1,NULL,NULL,NULL),(2,NULL,NULL,NULL,0,6,1,1,NULL,NULL,NULL),(3,NULL,NULL,NULL,0,15,3,1,NULL,NULL,NULL),(4,NULL,NULL,NULL,0,7,5,1,NULL,NULL,NULL),(5,NULL,NULL,NULL,0,4,17,1,NULL,NULL,NULL),(6,NULL,NULL,NULL,0,14,9,1,NULL,NULL,NULL),(7,NULL,NULL,NULL,0,13,10,1,NULL,NULL,NULL),(8,NULL,NULL,NULL,0,11,18,1,NULL,NULL,NULL),(9,NULL,NULL,NULL,0,12,8,1,NULL,NULL,NULL),(10,NULL,NULL,NULL,0,11,16,2,NULL,NULL,NULL),(11,NULL,NULL,NULL,0,5,3,2,NULL,NULL,NULL),(12,NULL,NULL,NULL,0,19,12,2,NULL,NULL,NULL),(13,NULL,NULL,NULL,0,8,2,2,NULL,NULL,NULL),(14,NULL,NULL,NULL,0,20,17,2,NULL,NULL,NULL),(15,NULL,NULL,NULL,0,18,15,2,NULL,NULL,NULL),(16,NULL,NULL,NULL,0,9,13,2,NULL,NULL,NULL),(17,NULL,NULL,NULL,0,6,14,2,NULL,NULL,NULL),(18,NULL,NULL,NULL,0,10,7,2,NULL,NULL,NULL),(19,NULL,NULL,NULL,0,14,5,3,NULL,NULL,NULL),(20,NULL,NULL,NULL,0,12,18,3,NULL,NULL,NULL),(21,NULL,NULL,NULL,0,17,10,3,NULL,NULL,NULL),(22,NULL,NULL,NULL,0,9,7,3,NULL,NULL,NULL),(23,NULL,NULL,NULL,0,3,8,3,NULL,NULL,NULL),(24,NULL,NULL,NULL,0,16,1,3,NULL,NULL,NULL),(25,NULL,NULL,NULL,0,2,6,3,NULL,NULL,NULL),(26,NULL,NULL,NULL,0,13,19,3,NULL,NULL,NULL),(27,NULL,NULL,NULL,0,15,20,3,NULL,NULL,NULL),(28,NULL,NULL,NULL,0,4,11,3,NULL,NULL,NULL),(29,NULL,NULL,NULL,0,10,12,4,NULL,NULL,NULL),(30,NULL,NULL,NULL,0,5,9,4,NULL,NULL,NULL),(31,NULL,NULL,NULL,0,11,14,4,NULL,NULL,NULL),(32,NULL,NULL,NULL,0,18,2,4,NULL,NULL,NULL),(33,NULL,NULL,NULL,0,7,13,4,NULL,NULL,NULL),(34,NULL,NULL,NULL,0,16,17,4,NULL,NULL,NULL),(35,NULL,NULL,NULL,0,20,8,4,NULL,NULL,NULL),(36,NULL,NULL,NULL,0,1,15,4,NULL,NULL,NULL),(37,NULL,NULL,NULL,0,19,4,4,NULL,NULL,NULL),(38,NULL,NULL,NULL,0,13,16,5,NULL,NULL,NULL),(39,NULL,NULL,NULL,0,2,11,5,NULL,NULL,NULL),(40,NULL,NULL,NULL,0,10,5,5,NULL,NULL,NULL),(41,NULL,NULL,NULL,0,17,18,5,NULL,NULL,NULL),(42,NULL,NULL,NULL,0,12,9,5,NULL,NULL,NULL),(43,NULL,NULL,NULL,0,3,19,5,NULL,NULL,NULL),(44,NULL,NULL,NULL,0,14,1,5,NULL,NULL,NULL),(45,NULL,NULL,NULL,0,8,7,5,NULL,NULL,NULL),(46,NULL,NULL,NULL,0,15,6,5,NULL,NULL,NULL),(47,NULL,NULL,NULL,0,4,20,5,NULL,NULL,NULL),(48,NULL,NULL,NULL,0,6,20,6,NULL,NULL,NULL),(49,NULL,NULL,NULL,0,19,2,6,NULL,NULL,NULL),(50,NULL,NULL,NULL,0,7,15,6,NULL,NULL,NULL),(51,NULL,NULL,NULL,0,5,4,6,NULL,NULL,NULL),(52,NULL,NULL,NULL,0,16,3,6,NULL,NULL,NULL),(53,NULL,NULL,NULL,0,1,8,6,NULL,NULL,NULL),(54,NULL,NULL,NULL,0,11,12,6,NULL,NULL,NULL),(55,NULL,NULL,NULL,0,18,13,6,NULL,NULL,NULL),(56,NULL,NULL,NULL,0,14,17,6,NULL,NULL,NULL),(57,NULL,NULL,NULL,0,9,10,6,NULL,NULL,NULL),(58,NULL,NULL,NULL,0,17,12,7,NULL,NULL,NULL),(59,NULL,NULL,NULL,0,3,1,7,NULL,NULL,NULL),(60,NULL,NULL,NULL,0,4,7,7,NULL,NULL,NULL),(61,NULL,NULL,NULL,0,20,16,7,NULL,NULL,NULL),(62,NULL,NULL,NULL,0,2,9,7,NULL,NULL,NULL),(63,NULL,NULL,NULL,0,13,14,7,NULL,NULL,NULL),(64,NULL,NULL,NULL,0,15,11,7,NULL,NULL,NULL),(65,NULL,NULL,NULL,0,5,6,7,NULL,NULL,NULL),(66,NULL,NULL,NULL,0,10,18,7,NULL,NULL,NULL),(67,NULL,NULL,NULL,0,8,19,7,NULL,NULL,NULL),(68,NULL,NULL,NULL,0,16,15,8,NULL,NULL,NULL),(69,NULL,NULL,NULL,0,7,18,8,NULL,NULL,NULL),(70,NULL,NULL,NULL,0,1,20,8,NULL,NULL,NULL),(71,NULL,NULL,NULL,0,3,2,8,NULL,NULL,NULL),(72,NULL,NULL,NULL,0,14,4,8,NULL,NULL,NULL),(73,NULL,NULL,NULL,0,9,17,8,NULL,NULL,NULL),(74,NULL,NULL,NULL,0,19,10,8,NULL,NULL,NULL),(75,NULL,NULL,NULL,0,6,8,8,NULL,NULL,NULL),(76,NULL,NULL,NULL,0,12,5,8,NULL,NULL,NULL),(77,NULL,NULL,NULL,0,11,13,8,NULL,NULL,NULL),(78,NULL,NULL,NULL,0,4,9,9,NULL,NULL,NULL),(79,NULL,NULL,NULL,0,12,7,9,NULL,NULL,NULL),(80,NULL,NULL,NULL,0,2,15,9,NULL,NULL,NULL),(81,NULL,NULL,NULL,0,8,14,9,NULL,NULL,NULL),(82,NULL,NULL,NULL,0,20,3,9,NULL,NULL,NULL),(83,NULL,NULL,NULL,0,5,11,9,NULL,NULL,NULL),(84,NULL,NULL,NULL,0,10,6,9,NULL,NULL,NULL),(85,NULL,NULL,NULL,0,13,1,9,NULL,NULL,NULL),(86,NULL,NULL,NULL,0,17,19,9,NULL,NULL,NULL),(87,NULL,NULL,NULL,0,18,16,9,NULL,NULL,NULL),(88,NULL,NULL,NULL,0,2,4,10,NULL,NULL,NULL),(89,NULL,NULL,NULL,0,8,17,10,NULL,NULL,NULL),(90,NULL,NULL,NULL,0,3,18,10,NULL,NULL,NULL),(91,NULL,NULL,NULL,0,20,19,10,NULL,NULL,NULL),(92,NULL,NULL,NULL,0,1,9,10,NULL,NULL,NULL),(93,NULL,NULL,NULL,0,6,13,10,NULL,NULL,NULL),(94,NULL,NULL,NULL,0,11,7,10,NULL,NULL,NULL),(95,NULL,NULL,NULL,0,14,12,10,NULL,NULL,NULL),(96,NULL,NULL,NULL,0,15,10,10,NULL,NULL,NULL),(97,NULL,NULL,NULL,0,16,5,10,NULL,NULL,NULL),(98,NULL,NULL,NULL,0,7,14,11,NULL,NULL,NULL),(99,NULL,NULL,NULL,0,4,3,11,NULL,NULL,NULL),(100,NULL,NULL,NULL,0,12,2,11,NULL,NULL,NULL),(101,NULL,NULL,NULL,0,5,1,11,NULL,NULL,NULL),(102,NULL,NULL,NULL,0,10,11,11,NULL,NULL,NULL),(103,NULL,NULL,NULL,0,9,16,11,NULL,NULL,NULL),(104,NULL,NULL,NULL,0,19,6,11,NULL,NULL,NULL),(105,NULL,NULL,NULL,0,13,8,11,NULL,NULL,NULL),(106,NULL,NULL,NULL,0,17,15,11,NULL,NULL,NULL),(107,NULL,NULL,NULL,0,18,20,11,NULL,NULL,NULL),(108,NULL,NULL,NULL,0,2,13,12,NULL,NULL,NULL),(109,NULL,NULL,NULL,0,8,5,12,NULL,NULL,NULL),(110,NULL,NULL,NULL,0,3,9,12,NULL,NULL,NULL),(111,NULL,NULL,NULL,0,20,7,12,NULL,NULL,NULL),(112,NULL,NULL,NULL,0,1,19,12,NULL,NULL,NULL),(113,NULL,NULL,NULL,0,6,18,12,NULL,NULL,NULL),(114,NULL,NULL,NULL,0,11,17,12,NULL,NULL,NULL),(115,NULL,NULL,NULL,0,14,10,12,NULL,NULL,NULL),(116,NULL,NULL,NULL,0,15,4,12,NULL,NULL,NULL),(117,NULL,NULL,NULL,0,16,12,12,NULL,NULL,NULL),(118,NULL,NULL,NULL,0,7,2,13,NULL,NULL,NULL),(119,NULL,NULL,NULL,0,4,8,13,NULL,NULL,NULL),(120,NULL,NULL,NULL,0,12,1,13,NULL,NULL,NULL),(121,NULL,NULL,NULL,0,5,20,13,NULL,NULL,NULL),(122,NULL,NULL,NULL,0,10,16,13,NULL,NULL,NULL),(123,NULL,NULL,NULL,0,9,11,13,NULL,NULL,NULL),(124,NULL,NULL,NULL,0,19,15,13,NULL,NULL,NULL),(125,NULL,NULL,NULL,0,13,3,13,NULL,NULL,NULL),(126,NULL,NULL,NULL,0,17,6,13,NULL,NULL,NULL),(127,NULL,NULL,NULL,0,18,14,13,NULL,NULL,NULL),(128,NULL,NULL,NULL,0,4,12,14,NULL,NULL,NULL),(129,NULL,NULL,NULL,0,2,17,14,NULL,NULL,NULL),(130,NULL,NULL,NULL,0,8,10,14,NULL,NULL,NULL),(131,NULL,NULL,NULL,0,3,11,14,NULL,NULL,NULL),(132,NULL,NULL,NULL,0,20,13,14,NULL,NULL,NULL),(133,NULL,NULL,NULL,0,1,18,14,NULL,NULL,NULL),(134,NULL,NULL,NULL,0,6,9,14,NULL,NULL,NULL),(135,NULL,NULL,NULL,0,19,14,14,NULL,NULL,NULL),(136,NULL,NULL,NULL,0,15,5,14,NULL,NULL,NULL),(137,NULL,NULL,NULL,0,16,7,14,NULL,NULL,NULL),(138,NULL,NULL,NULL,0,7,6,15,NULL,NULL,NULL),(139,NULL,NULL,NULL,0,12,20,15,NULL,NULL,NULL),(140,NULL,NULL,NULL,0,5,19,15,NULL,NULL,NULL),(141,NULL,NULL,NULL,0,10,2,15,NULL,NULL,NULL),(142,NULL,NULL,NULL,0,9,15,15,NULL,NULL,NULL),(143,NULL,NULL,NULL,0,13,4,15,NULL,NULL,NULL),(144,NULL,NULL,NULL,0,17,3,15,NULL,NULL,NULL),(145,NULL,NULL,NULL,0,11,1,15,NULL,NULL,NULL),(146,NULL,NULL,NULL,0,18,8,15,NULL,NULL,NULL),(147,NULL,NULL,NULL,0,14,16,15,NULL,NULL,NULL),(148,NULL,NULL,NULL,0,19,18,16,NULL,NULL,NULL),(149,NULL,NULL,NULL,0,17,7,16,NULL,NULL,NULL),(150,NULL,NULL,NULL,0,15,13,16,NULL,NULL,NULL),(151,NULL,NULL,NULL,0,4,16,16,NULL,NULL,NULL),(152,NULL,NULL,NULL,0,2,5,16,NULL,NULL,NULL),(153,NULL,NULL,NULL,0,8,9,16,NULL,NULL,NULL),(154,NULL,NULL,NULL,0,3,14,16,NULL,NULL,NULL),(155,NULL,NULL,NULL,0,20,11,16,NULL,NULL,NULL),(156,NULL,NULL,NULL,0,1,10,16,NULL,NULL,NULL),(157,NULL,NULL,NULL,0,6,12,16,NULL,NULL,NULL),(158,NULL,NULL,NULL,0,7,19,17,NULL,NULL,NULL),(159,NULL,NULL,NULL,0,12,15,17,NULL,NULL,NULL),(160,NULL,NULL,NULL,0,1,17,17,NULL,NULL,NULL),(161,NULL,NULL,NULL,0,5,13,17,NULL,NULL,NULL),(162,NULL,NULL,NULL,0,10,3,17,NULL,NULL,NULL),(163,NULL,NULL,NULL,0,9,20,17,NULL,NULL,NULL),(164,NULL,NULL,NULL,0,11,8,17,NULL,NULL,NULL),(165,NULL,NULL,NULL,0,18,4,17,NULL,NULL,NULL),(166,NULL,NULL,NULL,0,14,2,17,NULL,NULL,NULL),(167,NULL,NULL,NULL,0,16,6,17,NULL,NULL,NULL),(168,NULL,NULL,NULL,0,1,4,2,NULL,NULL,NULL),(169,NULL,NULL,NULL,0,2,1,18,NULL,NULL,NULL),(170,NULL,NULL,NULL,0,8,16,18,NULL,NULL,NULL),(171,NULL,NULL,NULL,0,3,7,18,NULL,NULL,NULL),(172,NULL,NULL,NULL,0,20,10,18,NULL,NULL,NULL),(173,NULL,NULL,NULL,0,6,4,18,NULL,NULL,NULL),(174,NULL,NULL,NULL,0,19,11,18,NULL,NULL,NULL),(175,NULL,NULL,NULL,0,13,12,18,NULL,NULL,NULL),(176,NULL,NULL,NULL,0,17,5,18,NULL,NULL,NULL),(177,NULL,NULL,NULL,0,18,9,18,NULL,NULL,NULL),(178,NULL,NULL,NULL,0,15,14,18,NULL,NULL,NULL),(179,NULL,NULL,NULL,0,2,20,1,NULL,NULL,NULL),(180,NULL,NULL,NULL,0,6,3,4,NULL,NULL,NULL),(181,NULL,NULL,NULL,0,7,1,19,NULL,NULL,NULL),(182,NULL,NULL,NULL,0,4,10,19,NULL,NULL,NULL),(183,NULL,NULL,NULL,0,12,3,19,NULL,NULL,NULL),(184,NULL,NULL,NULL,0,5,18,19,NULL,NULL,NULL),(185,NULL,NULL,NULL,0,9,19,19,NULL,NULL,NULL),(186,NULL,NULL,NULL,0,13,17,19,NULL,NULL,NULL),(187,NULL,NULL,NULL,0,11,6,19,NULL,NULL,NULL),(188,NULL,NULL,NULL,0,14,20,19,NULL,NULL,NULL),(189,NULL,NULL,NULL,0,15,8,19,NULL,NULL,NULL),(190,NULL,NULL,NULL,0,16,2,19,NULL,NULL,NULL),(191,NULL,NULL,NULL,0,2,12,20,NULL,NULL,NULL),(192,NULL,NULL,NULL,0,8,13,20,NULL,NULL,NULL),(193,NULL,NULL,NULL,0,3,6,20,NULL,NULL,NULL),(194,NULL,NULL,NULL,0,20,15,20,NULL,NULL,NULL),(195,NULL,NULL,NULL,0,1,5,20,NULL,NULL,NULL),(196,NULL,NULL,NULL,0,10,9,20,NULL,NULL,NULL),(197,NULL,NULL,NULL,0,19,16,20,NULL,NULL,NULL),(198,NULL,NULL,NULL,0,17,4,20,NULL,NULL,NULL),(199,NULL,NULL,NULL,0,18,11,20,NULL,NULL,NULL),(200,NULL,NULL,NULL,0,14,7,20,NULL,NULL,NULL),(201,NULL,NULL,NULL,0,7,8,21,NULL,NULL,NULL),(202,NULL,NULL,NULL,0,4,1,21,NULL,NULL,NULL),(203,NULL,NULL,NULL,0,12,17,21,NULL,NULL,NULL),(204,NULL,NULL,NULL,0,5,14,21,NULL,NULL,NULL),(205,NULL,NULL,NULL,0,9,3,21,NULL,NULL,NULL),(206,NULL,NULL,NULL,0,6,19,21,NULL,NULL,NULL),(207,NULL,NULL,NULL,0,13,18,21,NULL,NULL,NULL),(208,NULL,NULL,NULL,0,11,10,21,NULL,NULL,NULL),(209,NULL,NULL,NULL,0,15,2,21,NULL,NULL,NULL),(210,NULL,NULL,NULL,0,16,20,21,NULL,NULL,NULL),(211,NULL,NULL,NULL,0,2,19,22,NULL,NULL,NULL),(212,NULL,NULL,NULL,0,8,6,22,NULL,NULL,NULL),(213,NULL,NULL,NULL,0,3,16,22,NULL,NULL,NULL),(214,NULL,NULL,NULL,0,20,5,22,NULL,NULL,NULL),(215,NULL,NULL,NULL,0,1,12,22,NULL,NULL,NULL),(216,NULL,NULL,NULL,0,10,15,22,NULL,NULL,NULL),(217,NULL,NULL,NULL,0,9,4,22,NULL,NULL,NULL),(218,NULL,NULL,NULL,0,17,11,22,NULL,NULL,NULL),(219,NULL,NULL,NULL,0,18,7,22,NULL,NULL,NULL),(220,NULL,NULL,NULL,0,14,13,22,NULL,NULL,NULL),(221,NULL,NULL,NULL,0,7,12,23,NULL,NULL,NULL),(222,NULL,NULL,NULL,0,4,14,23,NULL,NULL,NULL),(223,NULL,NULL,NULL,0,8,3,23,NULL,NULL,NULL),(224,NULL,NULL,NULL,0,20,18,23,NULL,NULL,NULL),(225,NULL,NULL,NULL,0,5,10,23,NULL,NULL,NULL),(226,NULL,NULL,NULL,0,6,2,23,NULL,NULL,NULL),(227,NULL,NULL,NULL,0,19,17,23,NULL,NULL,NULL),(228,NULL,NULL,NULL,0,11,9,23,NULL,NULL,NULL),(229,NULL,NULL,NULL,0,15,1,23,NULL,NULL,NULL),(230,NULL,NULL,NULL,0,16,13,23,NULL,NULL,NULL),(231,NULL,NULL,NULL,0,4,15,24,NULL,NULL,NULL),(232,NULL,NULL,NULL,0,12,19,24,NULL,NULL,NULL),(233,NULL,NULL,NULL,0,2,8,24,NULL,NULL,NULL),(234,NULL,NULL,NULL,0,3,20,24,NULL,NULL,NULL),(235,NULL,NULL,NULL,0,1,11,24,NULL,NULL,NULL),(236,NULL,NULL,NULL,0,10,14,24,NULL,NULL,NULL),(237,NULL,NULL,NULL,0,9,5,24,NULL,NULL,NULL),(238,NULL,NULL,NULL,0,13,7,24,NULL,NULL,NULL),(239,NULL,NULL,NULL,0,17,16,24,NULL,NULL,NULL),(240,NULL,NULL,NULL,0,18,6,24,NULL,NULL,NULL),(241,NULL,NULL,NULL,0,7,10,25,NULL,NULL,NULL),(242,NULL,NULL,NULL,0,8,1,25,NULL,NULL,NULL),(243,NULL,NULL,NULL,0,20,4,25,NULL,NULL,NULL),(244,NULL,NULL,NULL,0,5,12,25,NULL,NULL,NULL),(245,NULL,NULL,NULL,0,6,17,25,NULL,NULL,NULL),(246,NULL,NULL,NULL,0,19,13,25,NULL,NULL,NULL),(247,NULL,NULL,NULL,0,11,2,25,NULL,NULL,NULL),(248,NULL,NULL,NULL,0,14,3,25,NULL,NULL,NULL),(249,NULL,NULL,NULL,0,15,9,25,NULL,NULL,NULL),(250,NULL,NULL,NULL,0,16,18,25,NULL,NULL,NULL),(251,NULL,NULL,NULL,0,12,11,26,NULL,NULL,NULL),(252,NULL,NULL,NULL,0,2,7,26,NULL,NULL,NULL),(253,NULL,NULL,NULL,0,3,4,26,NULL,NULL,NULL),(254,NULL,NULL,NULL,0,1,6,26,NULL,NULL,NULL),(255,NULL,NULL,NULL,0,10,8,26,NULL,NULL,NULL),(256,NULL,NULL,NULL,0,9,14,26,NULL,NULL,NULL),(257,NULL,NULL,NULL,0,13,5,26,NULL,NULL,NULL),(258,NULL,NULL,NULL,0,17,20,26,NULL,NULL,NULL),(259,NULL,NULL,NULL,0,18,19,26,NULL,NULL,NULL),(260,NULL,NULL,NULL,0,15,16,26,NULL,NULL,NULL),(261,NULL,NULL,NULL,0,7,17,27,NULL,NULL,NULL),(262,NULL,NULL,NULL,0,4,18,27,NULL,NULL,NULL),(263,NULL,NULL,NULL,0,8,12,27,NULL,NULL,NULL),(264,NULL,NULL,NULL,0,3,13,27,NULL,NULL,NULL),(265,NULL,NULL,NULL,0,20,9,27,NULL,NULL,NULL),(266,NULL,NULL,NULL,0,5,2,27,NULL,NULL,NULL),(267,NULL,NULL,NULL,0,6,10,27,NULL,NULL,NULL),(268,NULL,NULL,NULL,0,19,1,27,NULL,NULL,NULL),(269,NULL,NULL,NULL,0,14,15,27,NULL,NULL,NULL),(270,NULL,NULL,NULL,0,16,11,27,NULL,NULL,NULL),(271,NULL,NULL,NULL,0,12,6,28,NULL,NULL,NULL),(272,NULL,NULL,NULL,0,2,14,28,NULL,NULL,NULL),(273,NULL,NULL,NULL,0,1,16,28,NULL,NULL,NULL),(274,NULL,NULL,NULL,0,5,17,28,NULL,NULL,NULL),(275,NULL,NULL,NULL,0,10,4,28,NULL,NULL,NULL),(276,NULL,NULL,NULL,0,9,8,28,NULL,NULL,NULL),(277,NULL,NULL,NULL,0,19,7,28,NULL,NULL,NULL),(278,NULL,NULL,NULL,0,13,20,28,NULL,NULL,NULL),(279,NULL,NULL,NULL,0,11,15,28,NULL,NULL,NULL),(280,NULL,NULL,NULL,0,18,3,28,NULL,NULL,NULL),(281,NULL,NULL,NULL,0,7,16,29,NULL,NULL,NULL),(282,NULL,NULL,NULL,0,4,13,29,NULL,NULL,NULL),(283,NULL,NULL,NULL,0,8,18,29,NULL,NULL,NULL),(284,NULL,NULL,NULL,0,3,5,29,NULL,NULL,NULL),(285,NULL,NULL,NULL,0,20,2,29,NULL,NULL,NULL),(286,NULL,NULL,NULL,0,10,1,29,NULL,NULL,NULL),(287,NULL,NULL,NULL,0,6,11,29,NULL,NULL,NULL),(288,NULL,NULL,NULL,0,17,9,29,NULL,NULL,NULL),(289,NULL,NULL,NULL,0,14,19,29,NULL,NULL,NULL),(290,NULL,NULL,NULL,0,15,12,29,NULL,NULL,NULL),(291,NULL,NULL,NULL,0,7,4,30,NULL,NULL,NULL),(292,NULL,NULL,NULL,0,12,10,30,NULL,NULL,NULL),(293,NULL,NULL,NULL,0,1,14,30,NULL,NULL,NULL),(294,NULL,NULL,NULL,0,5,15,30,NULL,NULL,NULL),(295,NULL,NULL,NULL,0,9,2,30,NULL,NULL,NULL),(296,NULL,NULL,NULL,0,19,20,30,NULL,NULL,NULL),(297,NULL,NULL,NULL,0,13,6,30,NULL,NULL,NULL),(298,NULL,NULL,NULL,0,11,3,30,NULL,NULL,NULL),(299,NULL,NULL,NULL,0,18,17,30,NULL,NULL,NULL),(300,NULL,NULL,NULL,0,16,8,30,NULL,NULL,NULL),(301,NULL,NULL,NULL,0,4,5,31,NULL,NULL,NULL),(302,NULL,NULL,NULL,0,2,18,31,NULL,NULL,NULL),(303,NULL,NULL,NULL,0,8,20,31,NULL,NULL,NULL),(304,NULL,NULL,NULL,0,3,12,31,NULL,NULL,NULL),(305,NULL,NULL,NULL,0,10,19,31,NULL,NULL,NULL),(306,NULL,NULL,NULL,0,9,1,31,NULL,NULL,NULL),(307,NULL,NULL,NULL,0,6,16,31,NULL,NULL,NULL),(308,NULL,NULL,NULL,0,17,13,31,NULL,NULL,NULL),(309,NULL,NULL,NULL,0,14,11,31,NULL,NULL,NULL),(310,NULL,NULL,NULL,0,15,7,31,NULL,NULL,NULL),(311,NULL,NULL,NULL,0,7,9,32,NULL,NULL,NULL),(312,NULL,NULL,NULL,0,12,14,32,NULL,NULL,NULL),(313,NULL,NULL,NULL,0,20,6,32,NULL,NULL,NULL),(314,NULL,NULL,NULL,0,1,2,32,NULL,NULL,NULL),(315,NULL,NULL,NULL,0,19,3,32,NULL,NULL,NULL),(316,NULL,NULL,NULL,0,13,15,32,NULL,NULL,NULL),(317,NULL,NULL,NULL,0,17,8,32,NULL,NULL,NULL),(318,NULL,NULL,NULL,0,11,4,32,NULL,NULL,NULL),(319,NULL,NULL,NULL,0,18,5,32,NULL,NULL,NULL),(320,NULL,NULL,NULL,0,16,10,32,NULL,NULL,NULL),(321,NULL,NULL,NULL,0,4,6,33,NULL,NULL,NULL),(322,NULL,NULL,NULL,0,2,16,33,NULL,NULL,NULL),(323,NULL,NULL,NULL,0,8,11,33,NULL,NULL,NULL),(324,NULL,NULL,NULL,0,3,17,33,NULL,NULL,NULL),(325,NULL,NULL,NULL,0,1,13,33,NULL,NULL,NULL),(326,NULL,NULL,NULL,0,5,7,33,NULL,NULL,NULL),(327,NULL,NULL,NULL,0,10,20,33,NULL,NULL,NULL),(328,NULL,NULL,NULL,0,9,12,33,NULL,NULL,NULL),(329,NULL,NULL,NULL,0,14,18,33,NULL,NULL,NULL),(330,NULL,NULL,NULL,0,15,19,33,NULL,NULL,NULL),(331,NULL,NULL,NULL,0,7,3,34,NULL,NULL,NULL),(332,NULL,NULL,NULL,0,12,4,34,NULL,NULL,NULL),(333,NULL,NULL,NULL,0,20,1,34,NULL,NULL,NULL),(334,NULL,NULL,NULL,0,6,15,34,NULL,NULL,NULL),(335,NULL,NULL,NULL,0,19,8,34,NULL,NULL,NULL),(336,NULL,NULL,NULL,0,13,9,34,NULL,NULL,NULL),(337,NULL,NULL,NULL,0,17,2,34,NULL,NULL,NULL),(338,NULL,NULL,NULL,0,11,5,34,NULL,NULL,NULL),(339,NULL,NULL,NULL,0,18,10,34,NULL,NULL,NULL),(340,NULL,NULL,NULL,0,16,14,34,NULL,NULL,NULL),(341,NULL,NULL,NULL,0,7,20,35,NULL,NULL,NULL),(342,NULL,NULL,NULL,0,4,2,35,NULL,NULL,NULL),(343,NULL,NULL,NULL,0,12,13,35,NULL,NULL,NULL),(344,NULL,NULL,NULL,0,1,3,35,NULL,NULL,NULL),(345,NULL,NULL,NULL,0,5,16,35,NULL,NULL,NULL),(346,NULL,NULL,NULL,0,10,17,35,NULL,NULL,NULL),(347,NULL,NULL,NULL,0,9,6,35,NULL,NULL,NULL),(348,NULL,NULL,NULL,0,11,19,35,NULL,NULL,NULL),(349,NULL,NULL,NULL,0,14,8,35,NULL,NULL,NULL),(350,NULL,NULL,NULL,0,15,18,35,NULL,NULL,NULL),(351,NULL,NULL,NULL,0,2,10,36,NULL,NULL,NULL),(352,NULL,NULL,NULL,0,8,4,36,NULL,NULL,NULL),(353,NULL,NULL,NULL,0,3,15,36,NULL,NULL,NULL),(354,NULL,NULL,NULL,0,20,12,36,NULL,NULL,NULL),(355,NULL,NULL,NULL,0,6,7,36,NULL,NULL,NULL),(356,NULL,NULL,NULL,0,19,5,36,NULL,NULL,NULL),(357,NULL,NULL,NULL,0,13,11,36,NULL,NULL,NULL),(358,NULL,NULL,NULL,0,17,14,36,NULL,NULL,NULL),(359,NULL,NULL,NULL,0,18,1,36,NULL,NULL,NULL),(360,NULL,NULL,NULL,0,16,9,36,NULL,NULL,NULL),(361,NULL,NULL,NULL,0,4,19,37,NULL,NULL,NULL),(362,NULL,NULL,NULL,0,12,16,37,NULL,NULL,NULL),(363,NULL,NULL,NULL,0,2,3,37,NULL,NULL,NULL),(364,NULL,NULL,NULL,0,1,7,37,NULL,NULL,NULL),(365,NULL,NULL,NULL,0,5,8,37,NULL,NULL,NULL),(366,NULL,NULL,NULL,0,10,13,37,NULL,NULL,NULL),(367,NULL,NULL,NULL,0,9,18,37,NULL,NULL,NULL),(368,NULL,NULL,NULL,0,11,20,37,NULL,NULL,NULL),(369,NULL,NULL,NULL,0,14,6,37,NULL,NULL,NULL),(370,NULL,NULL,NULL,0,15,17,37,NULL,NULL,NULL),(371,NULL,NULL,NULL,0,7,11,38,NULL,NULL,NULL),(372,NULL,NULL,NULL,0,8,15,38,NULL,NULL,NULL),(373,NULL,NULL,NULL,0,3,10,38,NULL,NULL,NULL),(374,NULL,NULL,NULL,0,20,14,38,NULL,NULL,NULL),(375,NULL,NULL,NULL,0,6,5,38,NULL,NULL,NULL),(376,NULL,NULL,NULL,0,19,9,38,NULL,NULL,NULL),(377,NULL,NULL,NULL,0,13,2,38,NULL,NULL,NULL),(378,NULL,NULL,NULL,0,17,1,38,NULL,NULL,NULL),(379,NULL,NULL,NULL,0,18,12,38,NULL,NULL,NULL),(380,NULL,NULL,NULL,0,16,4,38,NULL,NULL,NULL);
/*!40000 ALTER TABLE `partido` ENABLE KEYS */;
UNLOCK TABLES;

--
-- Table structure for table `tarjeta`
--

DROP TABLE IF EXISTS `tarjeta`;
/*!40101 SET @saved_cs_client     = @@character_set_client */;
/*!50503 SET character_set_client = utf8mb4 */;
CREATE TABLE `tarjeta` (
  `id_tarjeta` int(10) unsigned NOT NULL AUTO_INCREMENT,
  `minuto` tinyint(3) unsigned NOT NULL,
  `tipo` tinyint(1) unsigned DEFAULT NULL,
  `id_jugador` mediumint(8) unsigned DEFAULT NULL,
  `id_partido` smallint(5) unsigned DEFAULT NULL,
  PRIMARY KEY (`id_tarjeta`),
  KEY `tarjeta_fk` (`id_partido`),
  KEY `tarjeta_fk_1` (`id_jugador`),
  CONSTRAINT `tarjeta_fk` FOREIGN KEY (`id_partido`) REFERENCES `partido` (`id_partido`) ON DELETE CASCADE ON UPDATE CASCADE,
  CONSTRAINT `tarjeta_fk_1` FOREIGN KEY (`id_jugador`) REFERENCES `jugador` (`id_jugador`) ON DELETE SET NULL ON UPDATE CASCADE
) ENGINE=InnoDB DEFAULT CHARSET=utf8mb4 COLLATE=utf8mb4_0900_ai_ci;
/*!40101 SET character_set_client = @saved_cs_client */;

--
-- Dumping data for table `tarjeta`
--

LOCK TABLES `tarjeta` WRITE;
/*!40000 ALTER TABLE `tarjeta` DISABLE KEYS */;
/*!40000 ALTER TABLE `tarjeta` ENABLE KEYS */;
UNLOCK TABLES;

--
-- Dumping routines for database 'liga2021'
--
/*!40103 SET TIME_ZONE=@OLD_TIME_ZONE */;

/*!40101 SET SQL_MODE=@OLD_SQL_MODE */;
/*!40014 SET FOREIGN_KEY_CHECKS=@OLD_FOREIGN_KEY_CHECKS */;
/*!40014 SET UNIQUE_CHECKS=@OLD_UNIQUE_CHECKS */;
/*!40101 SET CHARACTER_SET_CLIENT=@OLD_CHARACTER_SET_CLIENT */;
/*!40101 SET CHARACTER_SET_RESULTS=@OLD_CHARACTER_SET_RESULTS */;
/*!40101 SET COLLATION_CONNECTION=@OLD_COLLATION_CONNECTION */;
/*!40111 SET SQL_NOTES=@OLD_SQL_NOTES */;

-- Dump completed on 2020-10-18 17:04:56
