-- MySQL dump 10.13  Distrib 8.0.17, for Win64 (x86_64)
--
-- Host: localhost    Database: liga1920
-- ------------------------------------------------------
-- Server version	8.0.17

/*!40101 SET @OLD_CHARACTER_SET_CLIENT=@@CHARACTER_SET_CLIENT */;
/*!40101 SET @OLD_CHARACTER_SET_RESULTS=@@CHARACTER_SET_RESULTS */;
/*!40101 SET @OLD_COLLATION_CONNECTION=@@COLLATION_CONNECTION */;
/*!50503 SET NAMES utf8mb4 */;
/*!40103 SET @OLD_TIME_ZONE=@@TIME_ZONE */;
/*!40103 SET TIME_ZONE='+00:00' */;
/*!40014 SET @OLD_UNIQUE_CHECKS=@@UNIQUE_CHECKS, UNIQUE_CHECKS=0 */;
/*!40014 SET @OLD_FOREIGN_KEY_CHECKS=@@FOREIGN_KEY_CHECKS, FOREIGN_KEY_CHECKS=0 */;
/*!40101 SET @OLD_SQL_MODE=@@SQL_MODE, SQL_MODE='NO_AUTO_VALUE_ON_ZERO' */;
/*!40111 SET @OLD_SQL_NOTES=@@SQL_NOTES, SQL_NOTES=0 */;

--
-- Table structure for table `arbitro`
--

DROP TABLE IF EXISTS `arbitro`;
/*!40101 SET @saved_cs_client     = @@character_set_client */;
/*!50503 SET character_set_client = utf8mb4 */;
CREATE TABLE `arbitro` (
  `id_arbitro` tinyint(3) unsigned NOT NULL AUTO_INCREMENT,
  `nombre` varchar(100) COLLATE utf8_unicode_ci DEFAULT NULL,
  PRIMARY KEY (`id_arbitro`)
) ENGINE=InnoDB DEFAULT CHARSET=utf8 COLLATE=utf8_unicode_ci;
/*!40101 SET character_set_client = @saved_cs_client */;

--
-- Dumping data for table `arbitro`
--

LOCK TABLES `arbitro` WRITE;
/*!40000 ALTER TABLE `arbitro` DISABLE KEYS */;
/*!40000 ALTER TABLE `arbitro` ENABLE KEYS */;
UNLOCK TABLES;

--
-- Table structure for table `cambio`
--

DROP TABLE IF EXISTS `cambio`;
/*!40101 SET @saved_cs_client     = @@character_set_client */;
/*!50503 SET character_set_client = utf8mb4 */;
CREATE TABLE `cambio` (
  `id_cambio` int(10) unsigned NOT NULL AUTO_INCREMENT,
  `minuto` tinyint(3) unsigned DEFAULT NULL,
  `id_partido` smallint(5) unsigned DEFAULT NULL,
  `id_jugador_sale` mediumint(8) unsigned DEFAULT NULL,
  `id_jugador_entra` mediumint(8) unsigned DEFAULT NULL,
  PRIMARY KEY (`id_cambio`),
  KEY `cambio_fk` (`id_partido`),
  KEY `cambio_fk_1` (`id_jugador_sale`),
  KEY `cambio_fk_2` (`id_jugador_entra`),
  CONSTRAINT `cambio_fk` FOREIGN KEY (`id_partido`) REFERENCES `partido` (`id_partido`) ON DELETE CASCADE ON UPDATE CASCADE,
  CONSTRAINT `cambio_fk_1` FOREIGN KEY (`id_jugador_sale`) REFERENCES `jugador` (`id_jugador`) ON DELETE SET NULL ON UPDATE CASCADE,
  CONSTRAINT `cambio_fk_2` FOREIGN KEY (`id_jugador_entra`) REFERENCES `jugador` (`id_jugador`) ON DELETE SET NULL ON UPDATE CASCADE
) ENGINE=InnoDB DEFAULT CHARSET=utf8mb4 COLLATE=utf8mb4_0900_ai_ci;
/*!40101 SET character_set_client = @saved_cs_client */;

--
-- Dumping data for table `cambio`
--

LOCK TABLES `cambio` WRITE;
/*!40000 ALTER TABLE `cambio` DISABLE KEYS */;
/*!40000 ALTER TABLE `cambio` ENABLE KEYS */;
UNLOCK TABLES;

--
-- Table structure for table `equipo`
--

DROP TABLE IF EXISTS `equipo`;
/*!40101 SET @saved_cs_client     = @@character_set_client */;
/*!50503 SET character_set_client = utf8mb4 */;
CREATE TABLE `equipo` (
  `id_equipo` tinyint(3) unsigned NOT NULL AUTO_INCREMENT,
  `nombre` varchar(100) CHARACTER SET utf8 COLLATE utf8_unicode_ci NOT NULL,
  `nombre_completo` varchar(100) CHARACTER SET utf8 COLLATE utf8_unicode_ci DEFAULT NULL,
  `fundacion` smallint(4) unsigned DEFAULT NULL,
  `presidente` varchar(100) CHARACTER SET utf8 COLLATE utf8_unicode_ci DEFAULT NULL,
  `escudo` varchar(50) CHARACTER SET utf8 COLLATE utf8_unicode_ci DEFAULT NULL,
  `entrenador` varchar(100) CHARACTER SET utf8 COLLATE utf8_unicode_ci DEFAULT NULL,
  `id_estadio` tinyint(3) unsigned DEFAULT NULL,
  `telefono` varchar(100) CHARACTER SET utf8 COLLATE utf8_unicode_ci DEFAULT NULL,
  `direccion` varchar(100) CHARACTER SET utf8 COLLATE utf8_unicode_ci DEFAULT NULL,
  `web` varchar(100) COLLATE utf8_unicode_ci DEFAULT NULL,
  PRIMARY KEY (`id_equipo`),
  KEY `Equipo_FK` (`id_estadio`),
  CONSTRAINT `Equipo_FK` FOREIGN KEY (`id_estadio`) REFERENCES `estadio` (`id_estadio`) ON DELETE SET NULL
) ENGINE=InnoDB AUTO_INCREMENT=21 DEFAULT CHARSET=utf8 COLLATE=utf8_unicode_ci;
/*!40101 SET character_set_client = @saved_cs_client */;

--
-- Dumping data for table `equipo`
--

LOCK TABLES `equipo` WRITE;
/*!40000 ALTER TABLE `equipo` DISABLE KEYS */;
INSERT INTO `equipo` VALUES (1,'Athletic','Athletic Club',1898,'Aitor Elizegi','Club_Athletic_Bilbao_logo.png','Gaizka Garitano',1,'+34 (944) 240877','Ibaigane, Alameda Mazarredo, 23 Bilbao 48009','http://www.athletic-club.eus'),(2,'Atlético','Club Atlético de Madrid',1903,'Enrique Cerezo Torres','Atletico_Madrid_logo.png','Diego Simeone',2,'+34 (913) 669048','Paseo Virgen del Puerto, 67 Madrid 28005','http://www.clubatleticodemadrid.com'),(3,'Osasuna','CA Osasuna',1920,'Luis Sabalza','Atletico_Osasuna.png','Jagoba Arrasate',3,'+34 (948) 152636','Calle del Sadar, s/n Pamplona 31006','http://www.osasuna.es'),(4,'Espanyol','RCD Espanyol de Barcelona',1900,'Chen Yansheng','RCD_Espanyol_De_Barcelona.png','David Gallego',4,'+34 (932) 927700','Avenida Baix Llobregat, 100 Cornellà de Llobregat 08940','http://www.rcdespanyol.com'),(5,'Barcelona','FC Barcelona',1899,'Josep Maria Bartomeu','Fc_barcelona.png','Ernesto Valverde',5,'+34 (902) 189900','Avenida Arístides Maillol s/n Barcelona 08028','http://www.fcbarcelona.com'),(6,'Getafe','Getafe CF',1946,'Ángel Torres Sánchez','Getafe_logo.png','Pepe Bordalás',6,'+34 (916) 959643','Avenida Teresa de Calcuta, s/n Getafe 28903','http://www.getafecf.com'),(7,'Granada','Granada CF',1931,'Jiang Lizhang','Granada_CF.png','Diego Martinez',7,'+34 (958) 253300','Calle del Pintor Manuel Maldonado, s/n Granada 18007','http://www.granadacf.es'),(8,'Real Madrid','Real Madrid CF',1902,'Florentino Pérez Rodríguez','Real_Madrid_Logo.png','Zinédine Zidane',8,'+34 (913) 984300','Avenida Concha Espina, 1 Madrid 28036','http://www.realmadrid.com'),(9,'Levante','Levante UD',1909,'Francisco Javier Catalán','Levante_ud.png','Paco López',9,'+34 (902) 220304','Calle San Vicente de Paúl, 44 Valencia 46019','http://www.levanteud.com'),(10,'Mallorca','RCD Mallorca',1916,'Andy Kohlberg','Rcd_mallorca.png','Vicente Moreno',10,'+34 (971) 221221','Son Moix, Calle Camí dels Reis, s/n Palma de Mallorca 07011','http://www.rcdmallorca.es'),(11,'Betis','Real Betis Balompié',1907,'Ángel Haro García','Real_Betis.png','Rubi',11,'+34 (902) 191907','Avenida de Heliópolis, s/n Sevilla 41012','http://www.realbetisbalompie.es'),(12,'Real Sociedad','Real Sociedad de Fútbol',1903,'Jokin Aperribay Bedialauneta','Real_Sociedad_San_Sebasti%C3%A1n.png','Imanol Alguacil',12,'+34 (943) 462833','Anoeta Pasalekua, 1 San Sebastián 20014','http://www.realsociedad.com'),(13,'Villarreal','Villarreal CF',1923,'Fernando Roig Alfonso','Villarreal_CF_logo.png','Javier Calleja',13,'+34 (964) 500250','Camino Miralcamp, s/n Villarreal 12540','http://www.villarrealcf.es'),(14,'Valencia','Valencia CF',1919,'Anil Murthy','FC_Valencia.png','Albert Celades',14,'+34 (902) 011919','Plaza del Valencia Club de Fútbol, 2 Valencia 46010','http://www.valenciacf.com'),(15,'Valladolid','Real Valladolid CF',1928,'Ronaldo Nazario De Lima','Real_Valladolid_Logo.png','Sergio',15,'+34 (983) 360342','Avenida del Mundial, 82 Valladolid 47014','http://www.realvalladolid.es'),(16,'Alavés','Deportivo Alavés',1921,'Alfonso Fernández De Trocóniz','Deportivo_Alaves_logo.png','Asier Garitano',16,'+34 (945) 131018','Mendizorroza, Paseo Cervantes, s/n Vitoria 01007','http://www.alaves.com'),(17,'Eibar','SD Eibar',1940,'Amaia Gorostiza','SD_Eibar_logo.png','José Luis Mendilibar',17,'+34 (943) 201831','Ipurua Kalea, 2 Eibar 20600','http://www.sdeibar.com'),(18,'Celta','RC Celta de Vigo',1923,'Carlos Mouriño Atanes','Celta_Vigo.png','Óscar García',18,'+34 (986) 110900','Calle del Conde de Gondomar, 1 Vigo 36203','http://www.celtavigo.net'),(19,'Sevilla','Sevilla FC',1905,'Pepe Castro','FC_Sevilla.png','Julen Lopetegui',19,'+34 (902) 510011','Calle Sevilla Fútbol Club, s/n Sevilla 41005','http://www.sevillafc.es'),(20,'Leganés','CD Leganés',1928,'María Victoria Pavón Palomo','leganes.png','Javier Aguirre',20,'+34 (916) 888629','Calle Arquitectura, s/n Leganés 28914','http://www.deportivoleganes.com');
/*!40000 ALTER TABLE `equipo` ENABLE KEYS */;
UNLOCK TABLES;

--
-- Table structure for table `estadio`
--

DROP TABLE IF EXISTS `estadio`;
/*!40101 SET @saved_cs_client     = @@character_set_client */;
/*!50503 SET character_set_client = utf8mb4 */;
CREATE TABLE `estadio` (
  `id_estadio` tinyint(3) unsigned NOT NULL AUTO_INCREMENT,
  `nombre` varchar(100) CHARACTER SET utf8 COLLATE utf8_unicode_ci NOT NULL,
  `capacidad` int(10) unsigned DEFAULT NULL,
  `dimensiones` varchar(100) CHARACTER SET utf8 COLLATE utf8_unicode_ci DEFAULT NULL,
  `construccion` smallint(5) unsigned DEFAULT NULL,
  `imagen` varchar(100) CHARACTER SET utf8 COLLATE utf8_unicode_ci DEFAULT NULL,
  PRIMARY KEY (`id_estadio`)
) ENGINE=InnoDB AUTO_INCREMENT=21 DEFAULT CHARSET=utf8 COLLATE=utf8_unicode_ci;
/*!40101 SET character_set_client = @saved_cs_client */;

--
-- Dumping data for table `estadio`
--

LOCK TABLES `estadio` WRITE;
/*!40000 ALTER TABLE `estadio` DISABLE KEYS */;
INSERT INTO `estadio` VALUES (1,'San Mamés',53332,'105 x 68 metros',2013,'f020571f7c260516dfab3b9dc5df6348.png'),(2,'Estadio Wanda Metropolitano',68000,'105x70 metros',2017,'935f92c15c4d3442ef3f6d843beba0e1.png'),(3,'Estadio El Sadar',18761,'105 x 67,5 metros',1967,'d10f766b1612a516ea623116f0c1f9ce.png'),(4,'RCDE Stadium',40423,'105 x 68 metros',2009,'306cc02af120e092849ddf38954bcb3e.png'),(5,'Camp Nou',99787,'105 x 68 metros',1957,'0623ce55ec3ee4e439ed6d24fe2ba77b.png'),(6,'Coliseum Alfonso Pérez',17700,'105 x 68 metros',1998,'b881ba5a6846e7ccdbc3a6a75a2c5e69.png'),(7,'Estadio Nuevo Los Cármenes',19336,'105 x 69 metros',1995,'4de53714b029bf44d86c53bd0d6835d3.png'),(8,'Estadio Santiago Bernabéu',85454,'105 x 66 metros',1947,'e6695a8184f41deea3ad87dd9c12ab1f.png'),(9,'Estadio Ciudad de Valencia',25354,'107 x 69 metros',1969,'24140d1bf09080fd77078189f24d1b3d.png'),(10,'Estadio de Son Moix',23142,'107 x 69 metros',1999,'6f67f604b5025b10ef0dc14d700586ae.png'),(11,'Estadio Benito Villamarín',60721,'105 x 68 metros',1929,'f211dabccff68741a75d175307d78f59.png'),(12,'Reale Arena',32076,'105 x 70 metros',1993,'b20727f80d7b4c9d5ad18acec9b663c5.png'),(13,'Estadio de la Cerámica',24500,'105 x 68 metros',1923,'ac940b8f6681d614e337d20d5bf7f0a8.png'),(14,'Estadio de Mestalla',55000,'105 x 68 metros',1923,'984682326cdbb55f5034778b7690a795.png'),(15,'Estadio Municipal José Zorrilla',26512,'105 x 68 metros',1982,'5dfdde2dab7cf9814c6f008591a3a4b5.png'),(16,'Estadio de Mendizorroza',19940,'105 x 67 metros',1924,'6b906780ba96aa6689192fb9afcaac6b.png'),(17,'Estadio Municipal de Ipurúa',8164,'103 x 65 metros',1947,'3da691cda91766963efc021a8cf5dd77.png'),(18,'Estadio de Balaídos',28700,'105 x 69 metros',1928,'0aef263ef366bd0b81369408adb27cd6.png'),(19,'Estadio Ramón Sánchez Pizjuán',42714,'105 x 68 metros',1958,'11217561bbfa63ef6fa59c360394a9fc.png'),(20,'Estadio Municipal de Butarque',11454,'105 x 70 metros',1998,'2b7303ff6a9beaf1b4dc88599116df55.png');
/*!40000 ALTER TABLE `estadio` ENABLE KEYS */;
UNLOCK TABLES;

--
-- Table structure for table `gol`
--

DROP TABLE IF EXISTS `gol`;
/*!40101 SET @saved_cs_client     = @@character_set_client */;
/*!50503 SET character_set_client = utf8mb4 */;
CREATE TABLE `gol` (
  `id_gol` int(10) unsigned NOT NULL AUTO_INCREMENT,
  `minuto` smallint(5) unsigned NOT NULL,
  `penalti` bit(1) DEFAULT b'0',
  `propia_meta` bit(1) DEFAULT b'0',
  `id_jugador` mediumint(8) unsigned DEFAULT NULL,
  `id_partido` smallint(5) unsigned DEFAULT NULL,
  PRIMARY KEY (`id_gol`),
  KEY `gol_fk` (`id_jugador`),
  KEY `gol_fk_1` (`id_partido`),
  CONSTRAINT `gol_fk` FOREIGN KEY (`id_jugador`) REFERENCES `jugador` (`id_jugador`) ON DELETE SET NULL ON UPDATE CASCADE,
  CONSTRAINT `gol_fk_1` FOREIGN KEY (`id_partido`) REFERENCES `partido` (`id_partido`) ON DELETE CASCADE ON UPDATE CASCADE
) ENGINE=InnoDB DEFAULT CHARSET=utf8mb4 COLLATE=utf8mb4_0900_ai_ci;
/*!40101 SET character_set_client = @saved_cs_client */;

--
-- Dumping data for table `gol`
--

LOCK TABLES `gol` WRITE;
/*!40000 ALTER TABLE `gol` DISABLE KEYS */;
/*!40000 ALTER TABLE `gol` ENABLE KEYS */;
UNLOCK TABLES;

--
-- Table structure for table `jornada`
--

DROP TABLE IF EXISTS `jornada`;
/*!40101 SET @saved_cs_client     = @@character_set_client */;
/*!50503 SET character_set_client = utf8mb4 */;
CREATE TABLE `jornada` (
  `id_jornada` tinyint(3) unsigned NOT NULL AUTO_INCREMENT,
  `fecha_inicio` date DEFAULT NULL,
  `fecha_fin` date DEFAULT NULL,
  PRIMARY KEY (`id_jornada`)
) ENGINE=InnoDB AUTO_INCREMENT=39 DEFAULT CHARSET=utf8 COLLATE=utf8_unicode_ci;
/*!40101 SET character_set_client = @saved_cs_client */;

--
-- Dumping data for table `jornada`
--

LOCK TABLES `jornada` WRITE;
/*!40000 ALTER TABLE `jornada` DISABLE KEYS */;
INSERT INTO `jornada` VALUES (1,'2019-08-15','2019-08-18'),(2,NULL,NULL),(3,NULL,NULL),(4,NULL,NULL),(5,NULL,NULL),(6,NULL,NULL),(7,NULL,NULL),(8,NULL,NULL),(9,NULL,NULL),(10,NULL,NULL),(11,NULL,NULL),(12,NULL,NULL),(13,NULL,NULL),(14,NULL,NULL),(15,NULL,NULL),(16,NULL,NULL),(17,NULL,NULL),(18,NULL,NULL),(19,NULL,NULL),(20,NULL,NULL),(21,NULL,NULL),(22,NULL,NULL),(23,NULL,NULL),(24,NULL,NULL),(25,NULL,NULL),(26,NULL,NULL),(27,NULL,NULL),(28,NULL,NULL),(29,NULL,NULL),(30,NULL,NULL),(31,NULL,NULL),(32,NULL,NULL),(33,NULL,NULL),(34,NULL,NULL),(35,NULL,NULL),(36,NULL,NULL),(37,NULL,NULL),(38,NULL,NULL);
/*!40000 ALTER TABLE `jornada` ENABLE KEYS */;
UNLOCK TABLES;

--
-- Table structure for table `jugador`
--

DROP TABLE IF EXISTS `jugador`;
/*!40101 SET @saved_cs_client     = @@character_set_client */;
/*!50503 SET character_set_client = utf8mb4 */;
CREATE TABLE `jugador` (
  `id_jugador` mediumint(8) unsigned NOT NULL AUTO_INCREMENT,
  `nombre` varchar(100) CHARACTER SET utf8 COLLATE utf8_unicode_ci NOT NULL,
  `dorsal` tinyint(3) unsigned DEFAULT '0',
  `posicion` enum('POR','DEF','MED','DEL') CHARACTER SET utf8 COLLATE utf8_unicode_ci DEFAULT NULL,
  `fecha_nacimiento` date DEFAULT NULL,
  `peso` tinyint(3) unsigned DEFAULT '0',
  `altura` tinyint(3) unsigned DEFAULT '0',
  `apodo` varchar(20) CHARACTER SET utf8 COLLATE utf8_unicode_ci DEFAULT NULL,
  `nacionalidad` varchar(100) CHARACTER SET utf8 COLLATE utf8_unicode_ci DEFAULT NULL,
  `id_equipo` tinyint(3) unsigned DEFAULT NULL,
  `pais_nacimiento` varchar(100) COLLATE utf8_unicode_ci DEFAULT NULL,
  `imagen` varchar(100) COLLATE utf8_unicode_ci DEFAULT NULL,
  PRIMARY KEY (`id_jugador`),
  KEY `jugador_FK` (`id_equipo`),
  CONSTRAINT `jugador_FK` FOREIGN KEY (`id_equipo`) REFERENCES `equipo` (`id_equipo`) ON DELETE SET NULL
) ENGINE=InnoDB AUTO_INCREMENT=5004872 DEFAULT CHARSET=utf8 COLLATE=utf8_unicode_ci;
/*!40101 SET character_set_client = @saved_cs_client */;

--
-- Dumping data for table `jugador`
--

LOCK TABLES `jugador` WRITE;
/*!40000 ALTER TABLE `jugador` DISABLE KEYS */;
INSERT INTO `jugador` VALUES (72,'Gareth Frank Bale',11,'DEL','1989-07-15',74,183,'G. Bale','Gales',8,'Gales','https://thumb.resfu.com/img_data/players/medium/72.jpg'),(2100,'Toni Kroos',8,'MED','1990-01-03',71,182,'T. Kroos','Alemania',8,'Alemania','https://thumb.resfu.com/img_data/players/medium/2100.jpg'),(2139,'Ivan Rakitic',4,'MED','1988-03-09',79,184,'I. Rakitić','Croacia',5,'Croacia','https://thumb.resfu.com/img_data/players/medium/2139.jpg'),(3175,'Papakouli Diop',8,'MED','1986-03-18',73,180,'P. Diop','Senegal',17,'Senegal','https://thumb.resfu.com/img_data/players/medium/3175.jpg'),(3318,'Karim Mostafa Benzema',9,'DEL','1987-12-18',79,187,'K. Benzema','Francia',8,'Francia','https://thumb.resfu.com/img_data/players/medium/3318.jpg'),(3354,'Kevin Gameiro',9,'DEL','1987-05-08',69,172,'K. Gameiro','Francia',14,'Francia','https://thumb.resfu.com/img_data/players/medium/3354.jpg'),(7228,'Ezequiel Marcelo Garay',24,'DEF','1986-10-09',90,189,'E. Garay','Argentina',14,'Argentina','https://thumb.resfu.com/img_data/players/medium/7228.jpg'),(7342,'Raúl Albiol Tortajada',3,'DEF','1985-09-03',82,190,'R. Albiol','España',13,'España','https://thumb.resfu.com/img_data/players/medium/7342.jpg'),(7408,'Iago Aspas Juncal',10,'DEL','1987-07-31',67,176,'Iago Aspas','España',18,'España','https://thumb.resfu.com/img_data/players/medium/7408.jpg'),(15030,'Daniel Wass',18,'DEF','1989-05-30',74,181,'D. Wass','Dinamarca',14,'Dinamarca','https://thumb.resfu.com/img_data/players/medium/15030.jpg'),(17665,'Sidnei Rechel Da Silva Junior',12,'DEF','1989-08-22',80,185,'Sidnei','Brasil',11,'Brasil','https://thumb.resfu.com/img_data/players/medium/17665.jpg'),(21292,'Eden Hazard',7,'DEL','1991-01-06',69,173,'E. Hazard','Bélgica',8,'Bélgica','https://thumb.resfu.com/img_data/players/medium/21292.jpg'),(21295,'Yannis Salibur',16,'DEL','1991-01-23',74,176,'Y. Salibur','Francia',10,'Francia','https://thumb.resfu.com/img_data/players/medium/21295.jpg'),(23341,'Sergio Ramos García',4,'DEF','1986-03-29',73,183,'Sergio Ramos','España',8,'España','https://thumb.resfu.com/img_data/players/medium/23341.jpg'),(23343,'Marcelo Vieira Da Silva Júnior',12,'DEF','1988-05-11',73,174,'Marcelo','Brasil, España',8,'Brasil','https://thumb.resfu.com/img_data/players/medium/23343.jpg'),(23384,'Joaquín Sánchez Rodríguez',17,'MED','1981-07-20',75,179,'Joaquín','España',11,'España','https://thumb.resfu.com/img_data/players/medium/23384.jpg'),(23388,'Iván Ramis Barrios',4,'DEF','1984-10-24',82,188,'I. Ramis','España',17,'España','https://thumb.resfu.com/img_data/players/medium/23388.jpg'),(23458,'Diego López Rodríguez',13,'POR','1981-11-02',88,196,'Diego López','España',4,'España','https://thumb.resfu.com/img_data/players/medium/23458.jpg'),(23488,'Iván Cuéllar Sacristán',1,'POR','1984-05-24',76,187,'I. Cuéllar','España',20,'España','https://thumb.resfu.com/img_data/players/medium/23488.jpg'),(23519,'Roberto Soldado Rillo',9,'DEL','1985-05-26',81,179,'R. Soldado','España',7,'España','https://thumb.resfu.com/img_data/players/medium/23519.jpg'),(23527,'Raúl García Escudero',22,'MED','1986-07-10',80,183,'Raúl García','España',1,'España','https://thumb.resfu.com/img_data/players/medium/23527.jpg'),(23560,'Gerard Piqué Bernabéu',3,'DEF','1987-02-01',85,192,'G. Piqué','España',5,'España','https://thumb.resfu.com/img_data/players/medium/23560.jpg'),(23569,'Lionel Andrés Messi Cuccittini',10,'DEL','1987-06-23',72,170,'L. Messi','Argentina, España',5,'Argentina','https://thumb.resfu.com/img_data/players/medium/23569.jpg'),(23581,'José Andrés Guardado Hernández',18,'MED','1986-09-27',60,169,'A. Guardado','México, España',11,'México','https://thumb.resfu.com/img_data/players/medium/23581.jpg'),(24020,'Pedro León Sánchez Gil',21,'MED','1986-11-23',70,182,'Pedro León','España',17,'España','https://thumb.resfu.com/img_data/players/medium/24020.jpg'),(26968,'Luka Modric',10,'MED','1985-09-08',67,175,'L. Modrić','Croacia',8,'Croacia','https://thumb.resfu.com/img_data/players/medium/26968.jpg'),(27030,'Pablo Daniel Piatti',19,'DEL','1989-03-30',63,163,'P. Piatti','Argentina',4,'Argentina','https://thumb.resfu.com/img_data/players/medium/27030.jpg'),(27033,'Ignacio Monreal Eraso',20,'DEF','1986-02-25',72,179,'I. Monreal','España',12,'España','https://thumb.resfu.com/img_data/players/medium/27033.jpg'),(27037,'Oier Sanjurjo Mate',6,'MED','1986-05-24',66,178,'Oier','España',3,'España','https://thumb.resfu.com/img_data/players/medium/27037.jpg'),(27040,'Santiago Cazorla González',8,'MED','1984-12-12',66,168,'S. Cazorla','España',13,'España','https://thumb.resfu.com/img_data/players/medium/27040.jpg'),(27041,'Bruno Soriano Llido',21,'MED','1984-06-11',70,184,'Bruno','España',13,'España','https://thumb.resfu.com/img_data/players/medium/27041.jpg'),(27050,'Jesús Navas González',16,'DEF','1985-11-20',60,170,'J. Navas','España',19,'España','https://thumb.resfu.com/img_data/players/medium/27050.jpg'),(27059,'Sergio Busquets I Burgos',5,'MED','1988-07-15',73,189,'S. Busquets','España',5,'España','https://thumb.resfu.com/img_data/players/medium/27059.jpg'),(27116,'Aritz Aduriz Zubeldia',20,'DEL','1981-02-10',75,181,'A. Aduriz','España',1,'España','https://thumb.resfu.com/img_data/players/medium/27116.jpg'),(27182,'Salvador Sevilla López',8,'MED','1984-03-17',70,178,'Salva Sevilla','España',10,'España','https://thumb.resfu.com/img_data/players/medium/27182.jpg'),(27207,'Miguel Alfonso Herrero Javaloyas',21,'MED','1988-07-28',69,181,'Míchel','España',15,'España','https://thumb.resfu.com/img_data/players/medium/27207.jpg'),(27269,'Vicente Moreno',0,'MED','1974-10-25',77,188,'Moreno','España',10,'España','https://thumb.resfu.com/img_data/players/medium/27269.jpg'),(27398,'Jorge Andújar Moreno',23,'DEF','1987-04-25',78,182,'Coke','España',9,'España','https://thumb.resfu.com/img_data/players/medium/27398.jpg'),(27450,'Markel Bergara Larrañaga',5,'MED','1986-05-04',74,180,'M. Bergara','España',6,'España','https://thumb.resfu.com/img_data/players/medium/27450.jpg'),(27456,'Ángel Montoro Sánchez',19,'MED','1988-06-24',77,182,'Montoro','España',7,'España','https://thumb.resfu.com/img_data/players/medium/27456.jpg'),(27463,'Francisco Javier Campos Coll',5,'DEF','1982-03-09',74,180,'Xisco Campos','España',10,'España','https://thumb.resfu.com/img_data/players/medium/27463.jpg'),(27594,'Mario Gaspar Pérez Martínez',2,'DEF','1990-11-23',74,182,'Mario Gaspar','España',13,'España','https://thumb.resfu.com/img_data/players/medium/27594.jpg'),(27716,'Francisco Mérida Pérez',8,'MED','1990-03-03',75,175,'Fran Mérida','España',3,'España','https://thumb.resfu.com/img_data/players/medium/27716.jpg'),(27930,'Enrique García Martínez',17,'DEL','1989-11-24',79,186,'Kike','España',17,'España','https://thumb.resfu.com/img_data/players/medium/27930.jpg'),(27932,'Junior Wakalible Lago',11,'DEL','1990-12-30',74,182,'Lago Junior','Costa de Marfil',10,'Costa de Marfil','https://thumb.resfu.com/img_data/players/medium/27932.jpg'),(28004,'Andrés Eduardo Fernández Moreno',13,'POR','1986-12-16',86,184,'Andrés Fernández','España',13,'España','https://thumb.resfu.com/img_data/players/medium/28004.jpg'),(28102,'Iago Herrerín Buisán',13,'POR','1988-01-24',82,188,'I. Herrerín','España',1,'España','https://thumb.resfu.com/img_data/players/medium/28102.jpg'),(28107,'Sergio Asenjo Andrés',1,'POR','1989-06-27',70,189,'S. Asenjo','España',13,'España','https://thumb.resfu.com/img_data/players/medium/28107.jpg'),(28108,'Adrián López Álvarez',22,'DEL','1988-01-07',71,180,'Adrián','España',3,'España','https://thumb.resfu.com/img_data/players/medium/28108.jpg'),(28113,'Jordi Alba Ramos',18,'DEF','1989-03-20',67,169,'Jordi Alba','España',5,'España','https://thumb.resfu.com/img_data/players/medium/28113.jpg'),(28178,'Diego Da Silva Costa',19,'DEL','1988-10-06',86,188,'Diego Costa','España',2,'España','https://thumb.resfu.com/img_data/players/medium/28178.jpg'),(28179,'Éver Maximiliano David Banega',10,'MED','1988-06-28',71,174,'É. Banega','Argentina, España',19,'Argentina','https://thumb.resfu.com/img_data/players/medium/28179.jpg'),(28231,'Antonio Juan Barragán Fernández',19,'DEF','1987-06-11',76,182,'A. Barragán','España',11,'España','https://thumb.resfu.com/img_data/players/medium/28231.jpg'),(28766,'Leandro Daniel Cabrera Sasía',6,'DEF','1991-06-16',82,188,'L. Cabrera','Uruguay, España',6,'Uruguay','https://thumb.resfu.com/img_data/players/medium/28766.jpg'),(28767,'Miguel Ángel Moyá Rumbo',13,'POR','1984-04-01',75,185,'M. Moyá','España',12,'España','https://thumb.resfu.com/img_data/players/medium/28767.jpg'),(28928,'Dídac Vilá Rosselló',17,'DEF','1989-06-08',74,184,'Dídac Vilà','España',4,'España','https://thumb.resfu.com/img_data/players/medium/28928.jpg'),(28993,'Manuel Alejandro García Sánchez',19,'MED','1986-04-25',74,182,'Manu García','España',16,'España','https://thumb.resfu.com/img_data/players/medium/28993.jpg'),(29309,'Marc Pedraza Sarto',6,'MED','1987-02-05',82,183,'Marc Pedraza','España',10,'España','https://thumb.resfu.com/img_data/players/medium/29309.jpg'),(29348,'Vicente Iborra De La Fuente',10,'MED','1988-01-15',76,190,'V. Iborra','España',13,'España','https://thumb.resfu.com/img_data/players/medium/29348.jpg'),(29364,'Daniel Parejo Muñoz',10,'MED','1989-04-15',74,182,'D. Parejo','España',14,'España','https://thumb.resfu.com/img_data/players/medium/29364.jpg'),(29365,'Esteban Félix Granero Molina',23,'MED','1987-07-01',75,180,'E. Granero','España',4,'España','https://thumb.resfu.com/img_data/players/medium/29365.jpg'),(29460,'Jordi Masip López',1,'POR','1989-01-02',70,180,'J. Masip','España',15,'España','https://thumb.resfu.com/img_data/players/medium/29460.jpg'),(29478,'Rubén Rochina Naixes',16,'MED','1991-03-22',74,179,'R. Rochina','España',9,'España','https://thumb.resfu.com/img_data/players/medium/29478.jpg'),(29685,'Luis Alberto Suárez Díaz',9,'DEL','1987-01-23',81,181,'L. Suárez','Uruguay, Italia',5,'Uruguay','https://thumb.resfu.com/img_data/players/medium/29685.jpg'),(29731,'Rubén Iván Martínez Andrade',13,'POR','1984-06-21',80,187,'Rubén','España',3,'España','https://thumb.resfu.com/img_data/players/medium/29731.jpg'),(29871,'Luuk De Jong',19,'DEL','1990-08-26',80,188,'L. De Jong','Países Bajos, Suiza',19,'Países Bajos','https://thumb.resfu.com/img_data/players/medium/29871.jpg'),(29928,'Iker Muniain Goñi',10,'DEL','1992-12-18',63,168,'I. Muniain','España',1,'España','https://thumb.resfu.com/img_data/players/medium/29928.jpg'),(29935,'Francisco Portillo Soler',8,'MED','1990-06-12',63,169,'F. Portillo','España',6,'España','https://thumb.resfu.com/img_data/players/medium/29935.jpg'),(29955,'Xabier Etxeita Gorritxategi',16,'DEF','1987-10-30',79,185,'X. Etxeita','España',6,'España','https://thumb.resfu.com/img_data/players/medium/29955.jpg'),(29964,'Mikel Balenziaga Oruesagasti',24,'DEF','1988-02-28',70,176,'M. Balenziaga','España',1,'España','https://thumb.resfu.com/img_data/players/medium/29964.jpg'),(29973,'Óscar De Marcos Arana',18,'DEF','1989-04-13',76,180,'Ó. De Marcos','España',1,'España','https://thumb.resfu.com/img_data/players/medium/29973.jpg'),(29975,'Ander Iturraspe Derteano',8,'MED','1989-03-07',74,187,'A. Iturraspe','España',4,'España','https://thumb.resfu.com/img_data/players/medium/29975.jpg'),(30048,'Nemanja Gudelj',17,'MED','1991-11-15',73,177,'N. Gudelj','Serbia',19,'Serbia','https://thumb.resfu.com/img_data/players/medium/30048.jpg'),(30356,'Víctor Sánchez Mata',4,'MED','1987-09-07',73,180,'Víctor Sánchez','España',4,'España','https://thumb.resfu.com/img_data/players/medium/30356.jpg'),(30357,'Mikel San José Dominguez',6,'MED','1989-05-29',77,186,'M. San José','España',1,'España','https://thumb.resfu.com/img_data/players/medium/30357.jpg'),(30480,'David Zurutuza Veillet',17,'MED','1986-07-18',78,184,'D. Zurutuza','España',12,'España','https://thumb.resfu.com/img_data/players/medium/30480.jpg'),(30563,'Jorge Molina Vidal',19,'DEL','1982-04-21',87,188,'Jorge Molina','España',6,'España','https://thumb.resfu.com/img_data/players/medium/30563.jpg'),(30728,'Ángel Luis Rodríguez Díaz',9,'DEL','1987-04-25',65,172,'Ángel','España',6,'España','https://thumb.resfu.com/img_data/players/medium/30728.jpg'),(30878,'Sergio Álvarez Conde',1,'POR','1986-08-02',75,180,'Sergio Álvarez','España',18,'España','https://thumb.resfu.com/img_data/players/medium/30878.jpg'),(30960,'Ibai Gómez Pérez',19,'DEL','1989-11-10',72,177,'Ibai Gómez','España',1,'España','https://thumb.resfu.com/img_data/players/medium/30960.jpg'),(31080,'German Sánchez Barahona',6,'DEF','1986-10-30',82,188,'Germán','España',7,'España','https://thumb.resfu.com/img_data/players/medium/31080.jpg'),(31246,'Roberto Torres Morales',10,'MED','1989-03-06',69,176,'Roberto Torres','España',3,'España','https://thumb.resfu.com/img_data/players/medium/31246.jpg'),(31478,'Fabricio Agosto Ramírez',13,'POR','1987-12-30',67,185,'Fabricio','España, Uruguay',10,'España','https://thumb.resfu.com/img_data/players/medium/31478.jpg'),(31686,'Yuri Berchiche Izeta',17,'DEF','1990-02-09',77,181,'Yuri','España, Argelia',1,'España','https://thumb.resfu.com/img_data/players/medium/31686.jpg'),(31822,'Javier Eraso Goñi',17,'MED','1990-03-21',71,180,'J. Eraso','España',20,'España','https://thumb.resfu.com/img_data/players/medium/31822.jpg'),(32019,'Víctor Machín Pérez',20,'MED','1989-11-01',79,185,'Vitolo','España',2,'España','https://thumb.resfu.com/img_data/players/medium/32019.jpg'),(32465,'Antoine Griezmann',17,'DEL','1991-03-20',73,176,'A. Griezmann','Francia',5,'Francia','https://thumb.resfu.com/img_data/players/medium/32465.jpg'),(32794,'Facundo Sebastián Roncaglia',12,'DEF','1987-02-09',76,179,'F. Roncaglia','Argentina',3,'Argentina','https://thumb.resfu.com/img_data/players/medium/32794.jpg'),(32947,'Fabián Ariel Orellana Valenzuela',14,'MED','1986-01-26',68,169,'F. Orellana','Chile',17,'Chile','https://thumb.resfu.com/img_data/players/medium/32947.jpg'),(33039,'Charles Dias De Oliveira',19,'DEL','1984-04-03',75,179,'Charles','Brasil, España',17,'Brasil','https://thumb.resfu.com/img_data/players/medium/33039.jpg'),(33502,'Yoel Rodríguez Oterino',13,'POR','1988-08-27',78,186,'Yoel','España',17,'España','https://thumb.resfu.com/img_data/players/medium/33502.jpg'),(33514,'Antonio Adán Garrido',1,'POR','1987-05-12',92,190,'A. Adán','España',2,'España','https://thumb.resfu.com/img_data/players/medium/33514.jpg'),(33646,'Joel Robles Blázquez',1,'POR','1990-06-16',78,195,'Joel','España',11,'España','https://thumb.resfu.com/img_data/players/medium/33646.jpg'),(33661,'Jorge Resurrección Merodio',6,'MED','1992-01-07',74,176,'Koke','España',2,'España','https://thumb.resfu.com/img_data/players/medium/33661.jpg'),(33662,'Rubén Salvador Pérez Del Mármol',21,'MED','1989-04-25',73,178,'Rubén Pérez','España',20,'España','https://thumb.resfu.com/img_data/players/medium/33662.jpg'),(33981,'Juan Villar Vázquez',18,'DEL','1988-05-18',72,183,'Juan Villar','España',3,'España','https://thumb.resfu.com/img_data/players/medium/33981.jpg'),(34097,'Víctor Laguardia Cisneros',5,'DEF','1989-11-04',75,185,'Laguardia','España',16,'España','https://thumb.resfu.com/img_data/players/medium/34097.jpg'),(34251,'David López Silva',15,'DEF','1989-10-08',80,185,'David López','España',4,'España','https://thumb.resfu.com/img_data/players/medium/34251.jpg'),(34269,'Allan Romeo Nyom',12,'DEF','1988-05-09',81,186,'A. Nyom','Camerún',6,'Camerún','https://thumb.resfu.com/img_data/players/medium/34269.jpg'),(34759,'Maxime Gonalons',4,'MED','1989-03-09',76,187,'M. Gonalons','Francia',7,'Francia','https://thumb.resfu.com/img_data/players/medium/34759.jpg'),(35127,'Jorge Miramon Santagertrudis',20,'DEF','1989-06-01',74,176,'Miramón','España',9,'España','https://thumb.resfu.com/img_data/players/medium/35127.jpg'),(35206,'Sergio Postigo Redondo',15,'DEF','1988-11-03',78,184,'Sergio Postigo','España',9,'España','https://thumb.resfu.com/img_data/players/medium/35206.jpg'),(35394,'José Luis García Del Pozo',8,'MED','1991-01-10',79,182,'Recio','España',20,'España','https://thumb.resfu.com/img_data/players/medium/35394.jpg'),(35477,'Manuel Trigueros Muñoz',14,'MED','1991-10-16',70,178,'M. Trigueros','España',13,'España','https://thumb.resfu.com/img_data/players/medium/35477.jpg'),(35660,'Anaitz Arbilla Zabala',23,'DEF','1987-05-14',75,177,'A. Arbilla','España',17,'España','https://thumb.resfu.com/img_data/players/medium/35660.jpg'),(35724,'Aridai Cabrera Suárez',7,'DEL','1988-09-25',64,170,'Aridai','España',10,'España','https://thumb.resfu.com/img_data/players/medium/35724.jpg'),(36074,'Jaime Mata Arnaiz',7,'DEL','1988-10-23',79,186,'J. Mata','España',6,'España','https://thumb.resfu.com/img_data/players/medium/36074.jpg'),(36133,'Sergi Enrich Ametller',9,'DEL','1990-02-25',77,181,'Sergi Enrich','España',17,'España','https://thumb.resfu.com/img_data/players/medium/36133.jpg'),(36167,'Sergio Canales Madrazo',10,'MED','1991-02-15',65,176,'S. Canales','España',11,'España','https://thumb.resfu.com/img_data/players/medium/36167.jpg'),(36180,'José Luis Morales',11,'DEL','1987-07-22',70,180,'Morales','España',9,'España','https://thumb.resfu.com/img_data/players/medium/36180.jpg'),(36191,'Hugo Mallo Novegil',2,'DEF','1991-06-21',69,173,'Hugo Mallo','España',18,'España','https://thumb.resfu.com/img_data/players/medium/36191.jpg'),(36293,'Jaume Vicent Costa Jordá',3,'DEF','1988-03-17',65,171,'Jaume Costa','España',14,'España','https://thumb.resfu.com/img_data/players/medium/36293.jpg'),(36878,'Francisco Javier García Fernández',3,'MED','1987-02-07',82,187,'Javi García','España',11,'España','https://thumb.resfu.com/img_data/players/medium/36878.jpg'),(37124,'Denís Dmítrievich Chéryshev',11,'MED','1990-12-25',68,173,'D. Cheryshev','Rusia, España',14,'Rusia','https://thumb.resfu.com/img_data/players/medium/37124.jpg'),(37468,'Daniel Filipe Martins Carriço',6,'DEF','1988-08-03',79,182,'D. Carriço','Portugal',19,'Portugal','https://thumb.resfu.com/img_data/players/medium/37468.jpg'),(37776,'Rodrigo Moreno Machado',19,'DEL','1991-03-05',77,182,'Rodrigo','España',14,'España','https://thumb.resfu.com/img_data/players/medium/37776.jpg'),(38424,'Iñigo Pérez Soto',21,'MED','1988-01-17',74,178,'Íñigo Pérez','España',3,'España','https://thumb.resfu.com/img_data/players/medium/38424.jpg'),(39947,'Aleix Vidal Parreu',18,'MED','1989-08-20',70,176,'Aleix Vidal','España',16,'España','https://thumb.resfu.com/img_data/players/medium/39947.jpg'),(39948,'José Luis Sanmartín Mato',9,'DEL','1990-03-26',71,182,'Joselu','España',16,'España','https://thumb.resfu.com/img_data/players/medium/39948.jpg'),(40234,'Beñat Extebarria Urkiaga',7,'MED','1987-02-18',72,179,'Beñat','España',1,'España','https://thumb.resfu.com/img_data/players/medium/40234.jpg'),(40291,'Sergio Guardiola Navarro',7,'DEL','1991-05-28',70,175,'Sergi Guardiola','España',15,'España','https://thumb.resfu.com/img_data/players/medium/40291.jpg'),(40552,'Roque Mesa Quevedo',6,'MED','1989-06-06',72,171,'Roque Mesa','España',20,'España','https://thumb.resfu.com/img_data/players/medium/40552.jpg'),(40603,'Álvaro Borja Morata Martín',9,'DEL','1992-10-22',82,187,'Á. Morata','España',2,'España','https://thumb.resfu.com/img_data/players/medium/40603.jpg'),(40792,'Víctor David Díaz Miguel',16,'DEF','1988-06-11',69,185,'Víctor Díaz','España',7,'España','https://thumb.resfu.com/img_data/players/medium/40792.jpg'),(40903,'Marc Bartra Aregall',5,'DEF','1991-01-14',70,184,'M. Bartra','España',11,'España','https://thumb.resfu.com/img_data/players/medium/40903.jpg'),(41259,'Javier López Rodríguez',16,'DEF','1986-01-20',74,180,'Javi López','España',4,'España','https://thumb.resfu.com/img_data/players/medium/41259.jpg'),(41322,'Bernardo José Espinosa Zúñiga',20,'DEF','1989-07-10',84,192,'Bernardo','Colombia, España',4,'Colombia','https://thumb.resfu.com/img_data/players/medium/41322.jpg'),(42525,'Fernando Francisco Reges',25,'MED','1987-07-24',75,185,'Fernando','Brasil',19,'Brasil','https://thumb.resfu.com/img_data/players/medium/42525.jpg'),(43629,'Juan Miguel Jiménez López',7,'DEL','1993-05-19',63,169,'Juanmi','España',11,'España','https://thumb.resfu.com/img_data/players/medium/43629.jpg'),(43913,'Oier Olazábal Paredes',1,'POR','1989-09-13',95,191,'Oier','España',9,'España','https://thumb.resfu.com/img_data/players/medium/43913.jpg'),(44019,'Francisco José Olivas Alba',4,'DEF','1988-08-20',83,189,'Kiko Olivas','España',15,'España','https://thumb.resfu.com/img_data/players/medium/44019.jpg'),(44027,'Francisco Román Alarcón Suárez',22,'MED','1992-04-20',79,175,'Isco','España',8,'España','https://thumb.resfu.com/img_data/players/medium/44027.jpg'),(45899,'Antonio García Aranda',3,'DEF','1989-11-06',70,179,'Toño','España',9,'España','https://thumb.resfu.com/img_data/players/medium/45899.jpg'),(48124,'Tomás Pina Isla',8,'MED','1987-10-13',75,184,'T. Pina','España',16,'España','https://thumb.resfu.com/img_data/players/medium/48124.jpg'),(48594,'Willian José Da Silva',9,'DEL','1991-11-22',87,186,'Willian José','Brasil, España',12,'Brasil','https://thumb.resfu.com/img_data/players/medium/48594.jpg'),(51968,'Sergio Escudero Palomo',18,'DEF','1989-09-01',65,176,'S. Escudero','España',19,'España','https://thumb.resfu.com/img_data/players/medium/51968.jpg'),(52104,'José Ángel Gómez Campaña',24,'MED','1993-05-30',55,176,'J. Campaña','España',9,'España','https://thumb.resfu.com/img_data/players/medium/52104.jpg'),(52787,'Manuel Agudo Durán',8,'DEL','1986-10-14',73,175,'Nolito','España',19,'España','https://thumb.resfu.com/img_data/players/medium/52787.jpg'),(53310,'Dimitrios Siovas',22,'DEF','1988-09-15',83,192,'D. Siovas','Grecia',20,'Grecia','https://thumb.resfu.com/img_data/players/medium/53310.jpg'),(54466,'James David Rodríguez Rubio',16,'MED','1991-07-11',77,180,'James','Colombia, España',8,'Colombia','https://thumb.resfu.com/img_data/players/medium/54466.jpg'),(54472,'Facundo Ferreyra',9,'DEL','1991-03-13',83,186,'F. Ferreyra','Argentina, Italia',4,'Argentina','https://thumb.resfu.com/img_data/players/medium/54472.jpg'),(57814,'Bruno González Cabrera',4,'DEF','1990-05-23',82,184,'Bruno','España',6,'España','https://thumb.resfu.com/img_data/players/medium/57814.jpg'),(58188,'Daniel García Carrillo',14,'MED','1990-05-23',75,180,'Dani García','España',1,'España','https://thumb.resfu.com/img_data/players/medium/58188.jpg'),(58696,'Cristian Tello Herrera',11,'MED','1991-08-10',65,178,'C. Tello','España',11,'España','https://thumb.resfu.com/img_data/players/medium/58696.jpg'),(58724,'Roger Martí Salvador',9,'DEL','1991-01-02',74,179,'Roger','España',9,'España','https://thumb.resfu.com/img_data/players/medium/58724.jpg'),(59865,'Raúl García Carnero',14,'DEF','1989-04-29',72,175,'Raúl Carnero','España',6,'España','https://thumb.resfu.com/img_data/players/medium/59865.jpg'),(60123,'Vitorino Gabriel Pacheco Antunes',3,'DEF','1987-03-31',69,175,'V. Antunes','Portugal',6,'Portugal','https://thumb.resfu.com/img_data/players/medium/60123.jpg'),(60169,'Ramon Olamilekan Azeez',12,'MED','1992-12-11',67,170,'R. Azeez','Nigeria',7,'Nigeria','https://thumb.resfu.com/img_data/players/medium/60169.jpg'),(60258,'José Ángel Valdés Díaz',15,'DEF','1989-09-04',77,182,'Cote','España',17,'España','https://thumb.resfu.com/img_data/players/medium/60258.jpg'),(60555,'Pedro Bigas Rigo',3,'DEF','1990-05-14',83,181,'P. Bigas','España',17,'España','https://thumb.resfu.com/img_data/players/medium/60555.jpg'),(61052,'Javier Hernández Balcázar',14,'DEL','1988-05-31',72,175,'Chicharito','México',19,'México','https://thumb.resfu.com/img_data/players/medium/61052.jpg'),(61341,'Raúl Rodríguez Navas',3,'DEF','1988-05-10',77,178,'Raúl Navas','España',3,'España','https://thumb.resfu.com/img_data/players/medium/61341.jpg'),(61354,'Enrique González Casín',7,'DEL','1990-05-15',77,178,'Quique','España',17,'España','https://thumb.resfu.com/img_data/players/medium/61354.jpg'),(61471,'Arturo Erasmo Vidal Pardo',22,'MED','1987-05-21',74,181,'A. Vidal','Chile',5,'Chile','https://thumb.resfu.com/img_data/players/medium/61471.jpg'),(61592,'Wakaso Mubarak',22,'MED','1990-07-24',69,171,'M. Wakaso','Ghana',16,'Ghana','https://thumb.resfu.com/img_data/players/medium/61592.jpg'),(61667,'Francis Coquelin',17,'MED','1991-05-12',73,177,'F. Coquelin','Francia',14,'Francia','https://thumb.resfu.com/img_data/players/medium/61667.jpg'),(62271,'Sergio Álvarez Díaz',6,'MED','1992-01-22',65,180,'Sergio Álvarez','España',17,'España','https://thumb.resfu.com/img_data/players/medium/62271.jpg'),(64748,'Santiago Arias Naranjo',4,'DEF','1992-01-12',72,178,'S. Arias','Colombia',2,'Colombia','https://thumb.resfu.com/img_data/players/medium/64748.jpg'),(65830,'Kieran John Trippier',23,'DEF','1990-09-18',71,178,'K. Trippier','Inglaterra',2,'Inglaterra','https://thumb.resfu.com/img_data/players/medium/65830.jpg'),(66405,'Martin Braithwaite Christensen',7,'DEL','1991-06-04',77,180,'M. Braithwaite','Dinamarca, Guyana',20,'Dinamarca','https://thumb.resfu.com/img_data/players/medium/66405.jpg'),(67271,'Carlos Arturo Bacca Ahumada',9,'DEL','1986-09-07',76,179,'C. Bacca','Colombia',13,'Colombia','https://thumb.resfu.com/img_data/players/medium/67271.jpg'),(67815,'Íñigo Martínez Berridi',4,'DEF','1991-05-16',77,181,'Í. Martínez','España',1,'España','https://thumb.resfu.com/img_data/players/medium/67815.jpg'),(67829,'Rubén Pardo Gutiérrez',14,'MED','1992-10-21',68,182,'R. Pardo','España',12,'España','https://thumb.resfu.com/img_data/players/medium/67829.jpg'),(67849,'Marc-André Ter Stegen',1,'POR','1992-04-29',82,188,'M. Ter Stegen','Alemania',5,'Alemania','https://thumb.resfu.com/img_data/players/medium/67849.jpg'),(67953,'José Ignacio Martínez García',22,'DEF','1989-03-06',76,175,'Nacho','España',15,'España','https://thumb.resfu.com/img_data/players/medium/67953.jpg'),(67959,'David Timor Copovi',24,'MED','1989-10-16',77,185,'Timor','España',6,'España','https://thumb.resfu.com/img_data/players/medium/67959.jpg'),(68125,'Mariano Damián Barbosa',25,'POR','1984-07-26',77,190,'M. Barbosa','Argentina, Italia',13,'Argentina','https://thumb.resfu.com/img_data/players/medium/68125.jpg'),(68445,'Óscar Esau Duarte Gaitán',6,'DEF','1989-06-02',85,184,'Ó. Duarte','Costa Rica, Nicaragua',9,'Costa Rica','https://thumb.resfu.com/img_data/players/medium/68445.jpg'),(68888,'Aridane Hernandez Umpierrez',23,'DEF','1989-03-22',77,186,'Aridane','España',3,'España','https://thumb.resfu.com/img_data/players/medium/68888.jpg'),(69094,'Eliaquim Mangala',4,'DEF','1991-02-12',74,187,'E. Mangala','Francia',14,'Francia','https://thumb.resfu.com/img_data/players/medium/69094.jpg'),(69117,'Aitor Fernández Abarisketa',13,'POR','1991-05-02',70,182,'Aitor Fernández','España',9,'España','https://thumb.resfu.com/img_data/players/medium/69117.jpg'),(69148,'Thibaut Nicolas Marc Courtois',13,'POR','1992-05-10',88,199,'T. Courtois','Bélgica',8,'Bélgica','https://thumb.resfu.com/img_data/players/medium/69148.jpg'),(69519,'Antonio Jesús Regal Angulo',18,'DEF','1987-12-23',75,173,'Antoñito','España',15,'España','https://thumb.resfu.com/img_data/players/medium/69519.jpg'),(69899,'Jasper Cillessen',13,'POR','1989-04-21',82,187,'J. Cillessen','Países Bajos',14,'Países Bajos','https://thumb.resfu.com/img_data/players/medium/69899.jpg'),(70593,'Jan Oblak',13,'POR','1993-01-06',87,188,'J. Oblak','Eslovenia',2,'Eslovenia','https://thumb.resfu.com/img_data/players/medium/70593.jpg'),(71385,'Federico Vico Villegas',14,'MED','1994-07-03',70,176,'Fede Vico','España',7,'España','https://thumb.resfu.com/img_data/players/medium/71385.jpg'),(71934,'Antonio José Raíllo Arenas',21,'DEF','1991-10-07',79,184,'Raíllo','España',10,'España','https://thumb.resfu.com/img_data/players/medium/71934.jpg'),(72161,'Alphonse Areola',1,'POR','1993-02-26',92,195,'A. Areola','Francia, Filipinas',8,'Francia','https://thumb.resfu.com/img_data/players/medium/72161.jpg'),(74068,'Josep Señé Escudero',4,'MED','1991-12-09',74,185,'J. Señé','España',10,'España','https://thumb.resfu.com/img_data/players/medium/74068.jpg'),(74073,'Óscar Plano Pedreño',10,'DEL','1991-02-10',68,180,'Óscar Plano','España',15,'España','https://thumb.resfu.com/img_data/players/medium/74073.jpg'),(74892,'Daniel Carvajal Ramos',2,'DEF','1992-01-10',70,173,'D. Carvajal','España',8,'España','https://thumb.resfu.com/img_data/players/medium/74892.jpg'),(74994,'Rubén García Santos',14,'MED','1993-07-13',72,171,'Rubén García','España',3,'España','https://thumb.resfu.com/img_data/players/medium/74994.jpg'),(75798,'Stefan Savic',15,'DEF','1991-01-07',79,187,'S. Savić','Montenegro',2,'Montenegro','https://thumb.resfu.com/img_data/players/medium/75798.jpg'),(76168,'Saúl Ñíguez Esclapez',8,'MED','1994-11-20',77,184,'Saúl','España',2,'España','https://thumb.resfu.com/img_data/players/medium/76168.jpg'),(77230,'Denis Suárez Fernández',6,'MED','1994-01-05',66,181,'D. Suárez','España',18,'España','https://thumb.resfu.com/img_data/players/medium/77230.jpg'),(78301,'Rubén Sobrino Pozuelo',23,'DEL','1992-05-31',73,182,'Rubén Sobrino','España',14,'España','https://thumb.resfu.com/img_data/players/medium/78301.jpg'),(78512,'Fernando Pacheco Flores',1,'POR','1992-05-17',81,186,'F. Pacheco','España',16,'España','https://thumb.resfu.com/img_data/players/medium/78512.jpg'),(78524,'Zouhair Feddal',4,'DEF','1989-12-22',83,192,'Z. Feddal','Marruecos',11,'Marruecos','https://thumb.resfu.com/img_data/players/medium/78524.jpg'),(79239,'Andrés Tomás Prieto Albert',1,'POR','1993-10-16',92,194,'Andrés Prieto','España',4,'España','https://thumb.resfu.com/img_data/players/medium/79239.jpg'),(79475,'Luis Jesus Rioja Gonzalez',11,'DEL','1993-10-15',65,173,'Rioja','España',16,'España','https://thumb.resfu.com/img_data/players/medium/79475.jpg'),(79543,'Sergio Gómez Solà',3,'DEF','1992-03-27',80,187,'Sergi Gómez','España',19,'España','https://thumb.resfu.com/img_data/players/medium/79543.jpg'),(79618,'Iván López Mendoza',2,'DEF','1993-08-22',69,175,'Ivan López','España',9,'España','https://thumb.resfu.com/img_data/players/medium/79618.jpg'),(80389,'Abdón Prats Bastidas',9,'DEL','1992-12-06',79,181,'Abdón','España',10,'España','https://thumb.resfu.com/img_data/players/medium/80389.jpg'),(81427,'Rafael Alcântara Do Nascimento',12,'MED','1993-02-11',67,177,'Rafinha','Brasil',18,'Brasil','https://thumb.resfu.com/img_data/players/medium/81427.jpg'),(81550,'Manuel Castellano Castro',16,'DEF','1989-03-26',71,176,'Lillo','España',3,'España','https://thumb.resfu.com/img_data/players/medium/81550.jpg'),(81664,'Javi Moyano Lujano',17,'DEF','1986-02-22',71,179,'Javi Moyano','España',15,'España','https://thumb.resfu.com/img_data/players/medium/81664.jpg'),(81723,'Sergi Roberto Carnicer',20,'MED','1992-02-06',70,177,'Sergi Roberto','España',5,'España','https://thumb.resfu.com/img_data/players/medium/81723.jpg'),(82098,'Francisco Gámez López',15,'DEF','1991-07-26',71,174,'Fran Gámez','España',10,'España','https://thumb.resfu.com/img_data/players/medium/82098.jpg'),(82131,'Alejandro Martínez Sánchez',3,'DEF','1990-08-11',64,176,'Álex Martínez','España',7,'España','https://thumb.resfu.com/img_data/players/medium/82131.jpg'),(82139,'Sergio León Limones',7,'DEL','1989-01-05',73,178,'Sergio León','España',9,'España','https://thumb.resfu.com/img_data/players/medium/82139.jpg'),(82543,'Néstor Alejandro Araujo Razo',4,'DEF','1991-08-28',87,188,'N. Araujo','México',18,'México','https://thumb.resfu.com/img_data/players/medium/82543.jpg'),(83208,'Cristiano Piccini',21,'DEF','1992-09-25',77,183,'C. Piccini','Italia',14,'Italia','https://thumb.resfu.com/img_data/players/medium/83208.jpg'),(86790,'Ante Budimir',22,'DEL','1991-07-21',75,190,'A. Budimir','Croacia',10,'Croacia','https://thumb.resfu.com/img_data/players/medium/86790.jpg'),(87506,'David Juncà Reñe',17,'DEF','1993-11-15',67,175,'D. Juncà','España',18,'España','https://thumb.resfu.com/img_data/players/medium/87506.jpg'),(87811,'Norberto Murara Neto',13,'POR','1989-07-18',84,190,'Neto','Brasil',5,'Brasil','https://thumb.resfu.com/img_data/players/medium/87811.jpg'),(88538,'Álvaro Vadillo Cifuentes',7,'DEL','1994-09-11',69,180,'Vadillo','España',7,'España','https://thumb.resfu.com/img_data/players/medium/88538.jpg'),(88568,'Sergio Herrera Piró',1,'POR','1993-06-04',82,192,'Sergio Herrera','España',3,'España','https://thumb.resfu.com/img_data/players/medium/88568.jpg'),(89327,'Lorenzo Morón García',16,'DEL','1993-12-29',66,188,'Loren Morón','España',11,'España','https://thumb.resfu.com/img_data/players/medium/89327.jpg'),(91463,'Joaquín José Marín Ruz',17,'DEF','1989-09-23',73,178,'Quini','España',7,'España','https://thumb.resfu.com/img_data/players/medium/91463.jpg'),(91934,'Cristian George Ganea',2,'DEF','1992-05-23',71,175,'C. Ganea','Rumanía, España',1,'Rumanía','https://thumb.resfu.com/img_data/players/medium/91934.jpg'),(92385,'Šime Vrsaljko',24,'DEF','1992-01-09',76,181,'Š. Vrsaljko','Croacia',2,'Croacia','https://thumb.resfu.com/img_data/players/medium/92385.jpg'),(92909,'Carlos Henrique Venancio Casemiro',14,'MED','1992-02-22',80,184,'Casemiro','Brasil',8,'Brasil','https://thumb.resfu.com/img_data/players/medium/92909.jpg'),(93251,'Leandro Chichizola',1,'POR','1990-03-26',81,182,'L. Chichizola','Argentina, Italia',6,'Argentina','https://thumb.resfu.com/img_data/players/medium/93251.jpg'),(94026,'Ismail Köybasi',11,'DEF','1989-07-09',75,177,'I. Köybaşı','Turquía',7,'Turquía','https://thumb.resfu.com/img_data/players/medium/94026.jpg'),(94324,'Lucas Vázquez Iglesias',17,'DEL','1991-06-30',69,173,'Lucas Vázquez','España',8,'España','https://thumb.resfu.com/img_data/players/medium/94324.jpg'),(95168,'Lisandro Magallán',6,'DEF','1993-09-26',76,181,'L. Magallán','Argentina',16,'Argentina','https://thumb.resfu.com/img_data/players/medium/95168.jpg'),(95400,'José Ramiro Funes Mori',6,'DEF','1991-03-04',78,186,'R. Funes Mori','Argentina',13,'Argentina','https://thumb.resfu.com/img_data/players/medium/95400.jpg'),(97971,'Sébastien Corchia',18,'DEF','1990-10-31',65,174,'S. Corchia','Francia',4,'Francia','https://thumb.resfu.com/img_data/players/medium/97971.jpg'),(98126,'Aïssa Mandi',23,'DEF','1991-10-21',78,184,'A. Mandi','Argelia',11,'Argelia','https://thumb.resfu.com/img_data/players/medium/98126.jpg'),(100715,'Asier Illarramendi Andonegi',4,'MED','1990-03-07',74,177,'A. Illarramendi','España',12,'España','https://thumb.resfu.com/img_data/players/medium/100715.jpg'),(100849,'Lucas Pérez Martínez',7,'DEL','1988-09-09',78,181,'Lucas Pérez','España',16,'España','https://thumb.resfu.com/img_data/players/medium/100849.jpg'),(101033,'Rubén Alcaraz Jiménez',14,'MED','1991-04-30',70,180,'Rubén Alcaraz','España',15,'España','https://thumb.resfu.com/img_data/players/medium/101033.jpg'),(102032,'Moisés Gómez Bordonado',23,'MED','1994-06-22',65,174,'Moi Gómez','España',13,'España','https://thumb.resfu.com/img_data/players/medium/102032.jpg'),(102322,'José Ignacio Fernández Iglesias',6,'DEF','1990-01-17',76,180,'Nacho','España',8,'España','https://thumb.resfu.com/img_data/players/medium/102322.jpg'),(103053,'Raphaël Xavier Varane',5,'DEF','1993-04-24',76,191,'R. Varane','Francia',8,'Francia','https://thumb.resfu.com/img_data/players/medium/103053.jpg'),(104150,'Cristian Portugués Manzanera',7,'DEL','1992-05-20',70,178,'Portu','España',12,'España','https://thumb.resfu.com/img_data/players/medium/104150.jpg'),(104170,'Edinaldo Gomes Pereira',5,'DEF','1988-08-24',80,188,'Naldo','Brasil',4,'Brasil','https://thumb.resfu.com/img_data/players/medium/104170.jpg'),(105110,'Tomáš Vaclík',1,'POR','1989-03-28',84,188,'T. Vaclík','República Checa',19,'República Checa','https://thumb.resfu.com/img_data/players/medium/105110.jpg'),(106246,'Damián Nicolás Suárez Suárez',22,'DEF','1988-04-26',68,173,'Damián Suárez','Uruguay',6,'Uruguay','https://thumb.resfu.com/img_data/players/medium/106246.jpg'),(107189,'Gerard Moreno Balagueró',7,'DEL','1992-04-06',75,180,'Gerard Moreno','España',13,'España','https://thumb.resfu.com/img_data/players/medium/107189.jpg'),(107779,'Roberto José Rosales Altuve',16,'DEF','1988-11-19',71,175,'Rosales','Venezuela',20,'Venezuela','https://thumb.resfu.com/img_data/players/medium/107779.jpg'),(108399,'Unai Garcia Lugea',4,'DEF','1992-09-02',76,182,'Unai','España',3,'España','https://thumb.resfu.com/img_data/players/medium/108399.jpg'),(108410,'Joseba Zaldua Bengoetxea',2,'DEF','1992-06-23',70,176,'J. Zaldua','España',12,'España','https://thumb.resfu.com/img_data/players/medium/108410.jpg'),(108412,'Kenan Kodro',23,'DEL','1993-08-18',72,187,'K. Kodro','Bosnia-Herzegovina, España',1,'Bosnia-Herzegovina','https://thumb.resfu.com/img_data/players/medium/108412.jpg'),(108556,'William Silva De Carvalho',14,'MED','1992-04-06',79,187,'W. Carvalho','Portugal',11,'Portugal','https://thumb.resfu.com/img_data/players/medium/108556.jpg'),(108894,'Roberto Antonio Correa Silva',20,'DEF','1992-09-19',76,180,'Rober','España',17,'España','https://thumb.resfu.com/img_data/players/medium/108894.jpg'),(109637,'Franco Vázquez',22,'MED','1989-02-21',87,187,'F. Vázquez','Argentina, Argentina',19,'Argentina','https://thumb.resfu.com/img_data/players/medium/109637.jpg'),(109907,'Guido Marcelo Carrillo',18,'DEL','1991-05-24',89,187,'G. Carrillo','Argentina',20,'Argentina','https://thumb.resfu.com/img_data/players/medium/109907.jpg'),(110082,'Fayçal Fajr',21,'MED','1988-07-31',72,178,'F. Fajr','Marruecos',6,'Marruecos','https://thumb.resfu.com/img_data/players/medium/110082.jpg'),(110745,'Lucas Ocampos',5,'DEL','1994-07-10',82,183,'L. Ocampos','Argentina',19,'Argentina','https://thumb.resfu.com/img_data/players/medium/110745.jpg'),(112081,'Carlos Clerc Martínez',19,'DEF','1992-02-20',69,182,'Carlos Clerc','España',9,'España','https://thumb.resfu.com/img_data/players/medium/112081.jpg'),(112722,'Aleksandar Trajkovski',17,'DEL','1992-09-04',72,182,'A. Trajkovski','Macedonia',10,'Macedonia','https://thumb.resfu.com/img_data/players/medium/112722.jpg'),(112764,'Jaume Doménech Sánchez',1,'POR','1990-11-04',73,185,'Jaume Doménech','España',14,'España','https://thumb.resfu.com/img_data/players/medium/112764.jpg'),(113026,'Pablo De Blasis',16,'MED','1988-02-03',62,164,'P. De Blasis','Argentina',17,'Argentina','https://thumb.resfu.com/img_data/players/medium/113026.jpg'),(113623,'Rubén Peña Jiménez',20,'DEF','1991-07-17',62,170,'Rubén Peña','España',13,'España','https://thumb.resfu.com/img_data/players/medium/113623.jpg'),(115128,'David Soria Solís',13,'POR','1993-04-03',83,190,'David Soria','España',6,'España','https://thumb.resfu.com/img_data/players/medium/115128.jpg'),(115131,'Diego Javier Llorente Ríos',3,'DEF','1993-08-15',75,186,'D. Llorente','España',12,'España','https://thumb.resfu.com/img_data/players/medium/115131.jpg'),(115139,'Gonzalo Julián Melero Manzanares',29,'MED','1994-01-01',78,183,'Melero','España',9,'España','https://thumb.resfu.com/img_data/players/medium/115139.jpg'),(115420,'Takashi Inui',22,'MED','1988-06-01',59,169,'T. Inui','Japón',17,'Japón','https://thumb.resfu.com/img_data/players/medium/115420.jpg'),(116019,'Ander Capa Rodríguez',21,'DEF','1992-02-07',70,173,'A. Capa','España',1,'España','https://thumb.resfu.com/img_data/players/medium/116019.jpg'),(116026,'Unai Bustinza Martínez',3,'DEF','1992-02-01',74,175,'Bustinza','España',20,'España','https://thumb.resfu.com/img_data/players/medium/116026.jpg'),(117206,'Pablo Hervías Ruiz',11,'MED','1993-03-07',68,174,'Pablo Hervías','España',15,'España','https://thumb.resfu.com/img_data/players/medium/117206.jpg'),(117235,'Alberto Moreno Pérez',18,'DEF','1992-07-04',65,171,'Alberto Moreno','España',13,'España','https://thumb.resfu.com/img_data/players/medium/117235.jpg'),(117393,'Joaquín Navarro Jimenez',23,'DEF','1990-01-22',75,176,'Ximo Navarro','España',16,'España','https://thumb.resfu.com/img_data/players/medium/117393.jpg'),(119431,'John Alberto Fernando Andres Luigi Olof Guidetti',10,'DEL','1992-04-14',79,185,'J. Guidetti','Suecia',16,'Suecia','https://thumb.resfu.com/img_data/players/medium/119431.jpg'),(120440,'Mariano Díaz Mejia',24,'DEL','1993-07-31',75,182,'Mariano','República Dominicana',8,'República Dominicana','https://thumb.resfu.com/img_data/players/medium/120440.jpg'),(121657,'Darwin Daniel Machís Marcano',23,'DEL','1993-02-06',67,170,'D. Machís','Venezuela',7,'Venezuela','https://thumb.resfu.com/img_data/players/medium/121657.jpg'),(123546,'Okay Yokuslu',5,'MED','1994-03-08',79,190,'O. Yokuşlu','Turquía',18,'Turquía','https://thumb.resfu.com/img_data/players/medium/123546.jpg'),(124268,'Alexandre Moreno Lopera',15,'DEF','1993-06-07',68,179,'Álex Moreno','España',11,'España','https://thumb.resfu.com/img_data/players/medium/124268.jpg'),(124628,'Sabin Merino Zuloaga',9,'DEL','1992-01-03',80,186,'Sabin','España',20,'España','https://thumb.resfu.com/img_data/players/medium/124628.jpg'),(125601,'Dimitri Foulquier',2,'DEF','1993-03-22',78,182,'D. Foulquier','Guadalupe',7,'Guadalupe','https://thumb.resfu.com/img_data/players/medium/125601.jpg'),(125859,'Sandro Ramírez Castillo',20,'DEL','1995-07-08',68,175,'Sandro','España',15,'España','https://thumb.resfu.com/img_data/players/medium/125859.jpg'),(127121,'Samuel Umtiti',23,'DEF','1993-11-13',75,181,'S. Umtiti','Francia, Camerún',5,'Francia','https://thumb.resfu.com/img_data/players/medium/127121.jpg'),(128123,'Luis Miguel Sánchez Benítez',6,'MED','1992-05-04',76,180,'Luismi','España',15,'España','https://thumb.resfu.com/img_data/players/medium/128123.jpg'),(129605,'Rubén Blanco Veiga',13,'POR','1995-07-24',80,188,'Rubén','España',18,'España','https://thumb.resfu.com/img_data/players/medium/129605.jpg'),(130880,'Lucas René Olaza Catrofe',15,'DEF','1994-07-20',70,173,'L. Olaza','Uruguay',18,'Uruguay','https://thumb.resfu.com/img_data/players/medium/130880.jpg'),(132497,'Kenneth Josiah Omeruo',4,'DEF','1993-10-16',79,185,'K. Omeruo','Nigeria',20,'Nigeria','https://thumb.resfu.com/img_data/players/medium/132497.jpg'),(133578,'Felipe Augusto De Almeida Monteiro',18,'DEF','1989-05-15',77,185,'Felipe','Brasil',2,'Brasil','https://thumb.resfu.com/img_data/players/medium/133578.jpg'),(134656,'Antonio José Rodríguez Díaz',10,'MED','1992-02-20',74,178,'Puertas','España',7,'España','https://thumb.resfu.com/img_data/players/medium/134656.jpg'),(136584,'Álvaro Tejero Sacristán',24,'DEF','1996-07-19',68,174,'Á. Tejero','España',17,'España','https://thumb.resfu.com/img_data/players/medium/136584.jpg'),(136588,'Sergio Reguilón Rodríguez',23,'DEF','1996-12-15',67,178,'Reguilón','España',19,'España','https://thumb.resfu.com/img_data/players/medium/136588.jpg'),(136595,'Aleix Febas Pérez',23,'MED','1996-02-21',58,166,'A. Febas','España',10,'España','https://thumb.resfu.com/img_data/players/medium/136595.jpg'),(138312,'Jonathan Cristian Silva',5,'DEF','1994-06-28',69,178,'J. Silva','Argentina, Italia',20,'Argentina','https://thumb.resfu.com/img_data/players/medium/138312.jpg'),(138599,'Óliver Torres Muñoz',21,'MED','1994-11-09',70,178,'Ó. Torres','España',19,'España','https://thumb.resfu.com/img_data/players/medium/138599.jpg'),(138881,'Geoffrey Kondogbia',6,'MED','1993-02-14',80,188,'G. Kondogbia','República Centroafricana',14,'República Centroafricana','https://thumb.resfu.com/img_data/players/medium/138881.jpg'),(138938,'Kevin Manuel Rodrigues',24,'DEF','1994-03-04',63,169,'K. Rodrigues','Portugal, Francia',20,'Portugal','https://thumb.resfu.com/img_data/players/medium/138938.jpg'),(139075,'Jorge Franco Alviz',14,'MED','1993-10-28',68,185,'Burgui','España',16,'España','https://thumb.resfu.com/img_data/players/medium/139075.jpg'),(139107,'Yassine Bounou',13,'POR','1991-04-04',78,190,'Bono','Marruecos, Canadá',19,'Marruecos','https://thumb.resfu.com/img_data/players/medium/139107.jpg'),(139111,'Thomas Teye Partey',5,'MED','1993-06-12',77,185,'Thomas','Ghana',2,'Ghana','https://thumb.resfu.com/img_data/players/medium/139111.jpg'),(139714,'Sergi Darder Moll',10,'MED','1993-12-21',71,180,'S. Darder','España',4,'España','https://thumb.resfu.com/img_data/players/medium/139714.jpg'),(140303,'Kevin Vázquez Comesaña',20,'DEF','1993-03-22',72,173,'Kevin','España',18,'España','https://thumb.resfu.com/img_data/players/medium/140303.jpg'),(140938,'Daniel José Rodríguez Vázquez',14,'MED','1988-06-05',71,177,'Dani Rodríguez','España',10,'España','https://thumb.resfu.com/img_data/players/medium/140938.jpg'),(141129,'Mathías Olivera Miramontes',17,'DEF','1997-10-30',79,184,'M. Olivera','Uruguay, España',6,'Uruguay','https://thumb.resfu.com/img_data/players/medium/141129.jpg'),(141617,'Federico Barba',3,'DEF','1993-08-31',77,188,'F. Barba','Italia',15,'Italia','https://thumb.resfu.com/img_data/players/medium/141617.jpg'),(141829,'Xavier Quintillà Guash',16,'DEF','1996-08-22',72,183,'Xavi Quintillà','España',13,'España','https://thumb.resfu.com/img_data/players/medium/141829.jpg'),(142657,'Aritz Elustondo Irribarria',6,'DEF','1994-03-27',72,178,'A. Elustondo','España',12,'España','https://thumb.resfu.com/img_data/players/medium/142657.jpg'),(145407,'Rubén Duarte Sánchez',3,'DEF','1995-10-17',68,172,'R. Duarte','España',16,'España','https://thumb.resfu.com/img_data/players/medium/145407.jpg'),(146766,'José Luis Gayà Peña',14,'DEF','1995-05-24',66,172,'J. Gayà','España',14,'España','https://thumb.resfu.com/img_data/players/medium/146766.jpg'),(147121,'Abdul Rahman Baba',18,'DEF','1994-07-01',70,179,'A. Baba','Ghana',10,'Ghana','https://thumb.resfu.com/img_data/players/medium/147121.jpg'),(147137,'Pere Pons Riera',20,'MED','1993-02-19',67,177,'Pere Pons','España',16,'España','https://thumb.resfu.com/img_data/players/medium/147137.jpg'),(147265,'Mario Hermoso Canseco',22,'DEF','1995-06-17',69,181,'Mario Hermoso','España',2,'España','https://thumb.resfu.com/img_data/players/medium/147265.jpg'),(147267,'Marcos Llorente Moreno',14,'MED','1995-01-29',65,182,'Marcos Llorente','España',2,'España','https://thumb.resfu.com/img_data/players/medium/147267.jpg'),(147275,'Javier Muñoz Jiménez',15,'MED','1995-02-27',71,177,'Javi Muñoz','España',16,'España','https://thumb.resfu.com/img_data/players/medium/147275.jpg'),(147311,'Joan Jordán Moreno',24,'MED','1994-07-05',74,184,'Joan Jordán','España',19,'España','https://thumb.resfu.com/img_data/players/medium/147311.jpg'),(148618,'Pablo Chavarría',19,'DEL','1988-01-01',79,185,'P. Chavarría','Argentina, Italia',10,'Argentina','https://thumb.resfu.com/img_data/players/medium/148618.jpg'),(148767,'Rui Tiago Dantas Da Silva',1,'POR','1994-02-06',85,189,'Rui Silva','Portugal',7,'Portugal','https://thumb.resfu.com/img_data/players/medium/148767.jpg'),(148947,'Hernâni Jorge Santos Fortes',8,'DEL','1991-08-19',70,180,'Hernâni','Portugal',9,'Portugal','https://thumb.resfu.com/img_data/players/medium/148947.jpg'),(149163,'Paulo André Rodrigues Oliveira',12,'DEF','1992-01-07',78,187,'P. Oliveira','Portugal',17,'Portugal','https://thumb.resfu.com/img_data/players/medium/149163.jpg'),(149491,'Rodrigo Ely',4,'DEF','1993-11-02',83,188,'Ely','Brasil',16,'Brasil','https://thumb.resfu.com/img_data/players/medium/149491.jpg'),(149616,'Claudio Benoit Beauvue',9,'DEL','1988-04-15',66,174,'C. Beauvue','Guadalupe, Guadalupe',18,'Guadalupe','https://thumb.resfu.com/img_data/players/medium/149616.jpg'),(150773,'José María Giménez De Vargas',2,'DEF','1995-01-19',80,185,'J. Giménez','Uruguay, España',2,'Uruguay','https://thumb.resfu.com/img_data/players/medium/150773.jpg'),(155794,'Munas Dabbur',9,'DEL','1992-05-13',74,181,'M. Dabbur','Israel',19,'Israel','https://thumb.resfu.com/img_data/players/medium/155794.jpg'),(159460,'Joaquín Fernández Moreno',24,'DEF','1996-05-30',66,183,'Joaquín','España',15,'España','https://thumb.resfu.com/img_data/players/medium/159460.jpg'),(159475,'Brandon Thomas Llamas',11,'DEL','1995-02-03',71,177,'Brandon','España',3,'España','https://thumb.resfu.com/img_data/players/medium/159475.jpg'),(159879,'David Remeseiro Salgueiro',23,'DEL','1994-07-05',65,178,'Jason','España',6,'España','https://thumb.resfu.com/img_data/players/medium/159879.jpg'),(161131,'Ezequiel Ávila',9,'DEL','1994-02-05',81,178,'Chimy Ávila','Argentina',3,'Argentina','https://thumb.resfu.com/img_data/players/medium/161131.jpg'),(161366,'Héctor Miguel Herrera López',16,'MED','1990-04-18',70,182,'H. Herrera','México',2,'México','https://thumb.resfu.com/img_data/players/medium/161366.jpg'),(162193,'Dakonam Ortega Djené',2,'DEF','1991-12-30',71,176,'D. Djené','Togo',6,'Togo','https://thumb.resfu.com/img_data/players/medium/162193.jpg'),(162208,'Esteban Rodrigo Burgos',2,'DEF','1992-01-08',70,175,'E. Burgos','Argentina',17,'Argentina','https://thumb.resfu.com/img_data/players/medium/162208.jpg'),(162552,'Roberto Suárez Pier',4,'DEF','1995-02-15',74,182,'Rober','España',9,'España','https://thumb.resfu.com/img_data/players/medium/162552.jpg'),(162561,'Borja Iglesias Quintas',9,'DEL','1993-01-16',79,187,'Borja Iglesias','España',11,'España','https://thumb.resfu.com/img_data/players/medium/162561.jpg'),(162563,'Santiago Mina Lorenzo',22,'DEL','1995-12-06',77,181,'Santi Mina','España',18,'España','https://thumb.resfu.com/img_data/players/medium/162563.jpg'),(169910,'Gonzalo Escalante',5,'MED','1993-03-26',75,179,'G. Escalante','Argentina, Italia',17,'Argentina','https://thumb.resfu.com/img_data/players/medium/169910.jpg'),(170352,'Wilfrid Jaures Kaptoum',21,'MED','1996-07-06',72,174,'W. Kaptoum','Camerún',11,'Camerún','https://thumb.resfu.com/img_data/players/medium/170352.jpg'),(170361,'Rodrigo Tarín Higón',15,'DEF','1996-07-04',74,181,'Rodrigo Tarin','España',20,'España','https://thumb.resfu.com/img_data/players/medium/170361.jpg'),(170505,'Marc Navarro Ceciliano',2,'DEF','1995-07-01',79,188,'M. Navarro','España',20,'España','https://thumb.resfu.com/img_data/players/medium/170505.jpg'),(170511,'Marc Roca Junque',21,'MED','1996-11-25',74,186,'Marc Roca','España',4,'España','https://thumb.resfu.com/img_data/players/medium/170511.jpg'),(171314,'Edgar González Estrada',32,'DEF','1997-03-31',78,193,'Edgar','España',11,'España','https://thumb.resfu.com/img_data/players/medium/171314.jpg'),(174483,'Ángel Martín Correa Martínez',10,'DEL','1995-03-08',68,171,'Á. Correa','Argentina, España',2,'Argentina','https://thumb.resfu.com/img_data/players/medium/174483.jpg'),(174484,'Munir El Haddadi Mohamed',11,'DEL','1995-08-31',69,175,'Munir','España, Marruecos',19,'España','https://thumb.resfu.com/img_data/players/medium/174484.jpg'),(174823,'Stanislav Lobotka',14,'MED','1994-11-24',66,170,'S. Lobotka','Eslovaquia',18,'Eslovaquia','https://thumb.resfu.com/img_data/players/medium/174823.jpg'),(176325,'Juan Hernandez Garcia',7,'DEL','1994-12-05',70,177,'Juan Hernández','España',18,'España','https://thumb.resfu.com/img_data/players/medium/176325.jpg'),(176427,'Fernando Calero Villa',24,'DEF','1995-09-13',69,183,'Calero','España',4,'España','https://thumb.resfu.com/img_data/players/medium/176427.jpg'),(177023,'Carlos Fernández Luna',24,'DEL','1996-05-21',72,186,'Carlos','España',7,'España','https://thumb.resfu.com/img_data/players/medium/177023.jpg'),(177134,'Anuar Mohamed Tuhami',8,'MED','1995-01-14',63,172,'Anuar','Marruecos, Marruecos',15,'Marruecos','https://thumb.resfu.com/img_data/players/medium/177134.jpg'),(180218,'Enrique Gallego Puigsech',10,'DEL','1986-09-11',90,190,'Enric Gallego','España',6,'España','https://thumb.resfu.com/img_data/players/medium/180218.jpg'),(181101,'Gabriel Armando De Abreu',5,'DEF','1990-11-25',72,185,'Gabriel Paulista','Brasil',14,'Brasil','https://thumb.resfu.com/img_data/players/medium/181101.jpg'),(182106,'Lluis Lopez Marmol',6,'DEF','1997-03-04',79,182,'Lluis Lopez','España',4,'España','https://thumb.resfu.com/img_data/players/medium/182106.jpg'),(183188,'David Costas Cordal',3,'DEF','1995-03-25',73,181,'David Costas','España',18,'España','https://thumb.resfu.com/img_data/players/medium/183188.jpg'),(184326,'Manuel Reina Rodríguez',1,'POR','1985-03-31',80,185,'Manolo Reina','España',10,'España','https://thumb.resfu.com/img_data/players/medium/184326.jpg'),(185428,'Iñigo Lekue Martínez',15,'DEF','1993-05-03',71,179,'I. Lekue','España',1,'España','https://thumb.resfu.com/img_data/players/medium/185428.jpg'),(185429,'Unai López Cabrera',8,'MED','1995-10-29',65,170,'Unai López','España',1,'España','https://thumb.resfu.com/img_data/players/medium/185429.jpg'),(185510,'Nemanja Maksimovic',20,'MED','1995-01-25',75,185,'N. Maksimović','Serbia',6,'Serbia','https://thumb.resfu.com/img_data/players/medium/185510.jpg'),(185960,'Yeray Álvarez López',5,'DEF','1995-01-23',78,183,'Yeray','España',1,'España','https://thumb.resfu.com/img_data/players/medium/185960.jpg'),(185980,'Alejandro Remiro Gargallo',1,'POR','1995-03-23',82,191,'Remiro','España',12,'España','https://thumb.resfu.com/img_data/players/medium/185980.jpg'),(185985,'Iñaki Williams Arthur',9,'DEL','1994-06-14',77,186,'I. Williams','España, Liberia',1,'España','https://thumb.resfu.com/img_data/players/medium/185985.jpg'),(186119,'Iñigo Córdoba Kerejeta',11,'DEL','1997-03-12',75,178,'I. Córdoba','España',1,'España','https://thumb.resfu.com/img_data/players/medium/186119.jpg'),(186124,'Unai Núñez Gestoso',3,'DEF','1997-01-29',77,186,'Nuñez','España',1,'España','https://thumb.resfu.com/img_data/players/medium/186124.jpg'),(186129,'Asier Villalibre Molina',25,'DEL','1997-09-29',86,184,'Villalibre','España',1,'España','https://thumb.resfu.com/img_data/players/medium/186129.jpg'),(186131,'Unai Etxebarria Martin',35,'POR','1996-08-29',82,188,'Etxebarria','España',7,'España','https://thumb.resfu.com/img_data/players/medium/186131.jpg'),(186438,'Rúben Miguel Nunes Vezo',14,'DEF','1994-04-24',80,182,'R. Vezo','Portugal',9,'Portugal','https://thumb.resfu.com/img_data/players/medium/186438.jpg'),(186470,'Nabil Fekir',8,'MED','1993-07-17',72,173,'N. Fekir','Francia, Argelia',11,'Francia','https://thumb.resfu.com/img_data/players/medium/186470.jpg'),(186599,'Adnan Januzaj',11,'DEL','1995-02-04',75,182,'A. Januzaj','Bélgica, Kosovo',12,'Bélgica','https://thumb.resfu.com/img_data/players/medium/186599.jpg'),(186748,'Mikel Vesga Arruti',16,'MED','1993-04-07',86,191,'M. Vesga','España',1,'España','https://thumb.resfu.com/img_data/players/medium/186748.jpg'),(186820,'Javier Ontiveros Parra',24,'MED','1997-09-08',75,170,'Ontiveros','España',13,'España','https://thumb.resfu.com/img_data/players/medium/186820.jpg'),(190166,'David Garcia Zubiria',5,'DEF','1994-02-13',72,185,'David García','España',3,'España','https://thumb.resfu.com/img_data/players/medium/190166.jpg'),(190177,'Álvaro Odriozola Arzalluz',19,'DEF','1995-12-13',74,178,'Á. Odriozola','España',8,'España','https://thumb.resfu.com/img_data/players/medium/190177.jpg'),(190403,'Marco Asensio Willemsen',20,'DEL','1996-01-20',70,180,'M. Asensio','España, Países Bajos',8,'España','https://thumb.resfu.com/img_data/players/medium/190403.jpg'),(191015,'Jonathan Calleri',12,'DEL','1993-09-22',77,181,'J. Calleri','Argentina',4,'Argentina','https://thumb.resfu.com/img_data/players/medium/191015.jpg'),(192135,'Nemanja Radoja',5,'MED','1993-02-05',77,186,'N. Radoja','Serbia',9,'Serbia','https://thumb.resfu.com/img_data/players/medium/192135.jpg'),(192428,'Unai Simón Mendíbil',1,'POR','1997-06-10',84,189,'U. Simon','España',1,'España','https://thumb.resfu.com/img_data/players/medium/192428.jpg'),(192461,'Juan Manuel Pérez Ruiz',26,'POR','1996-07-14',78,192,'Juan Pérez','España',3,'España','https://thumb.resfu.com/img_data/players/medium/192461.jpg'),(192470,'Enrique Barja Alonso',19,'MED','1997-04-03',69,178,'Kike Barja','España',3,'España','https://thumb.resfu.com/img_data/players/medium/192470.jpg'),(192474,'Mikel Merino Zazon',8,'MED','1996-06-21',78,188,'Mikel Merino','España',12,'España','https://thumb.resfu.com/img_data/players/medium/192474.jpg'),(193400,'Enes Ünal',9,'DEL','1997-05-09',70,185,'E. Ünal','Turquía',15,'Turquía','https://thumb.resfu.com/img_data/players/medium/193400.jpg'),(193560,'Yan Brice Eteki',8,'MED','1997-08-25',67,178,'Y. Eteki','Camerún',7,'Camerún','https://thumb.resfu.com/img_data/players/medium/193560.jpg'),(193623,'Carlos Marín Tomas',31,'POR','1997-02-19',83,187,'Carlos Marín','España',11,'España','https://thumb.resfu.com/img_data/players/medium/193623.jpg'),(193927,'Alberto Rodríguez Baró',27,'DEF','1997-09-09',71,178,'Tachi','España',16,'España','https://thumb.resfu.com/img_data/players/medium/193927.jpg'),(193934,'Luis Perea Hernández',28,'MED','1997-08-24',85,191,'L. Perea','España',3,'España','https://thumb.resfu.com/img_data/players/medium/193934.jpg'),(194290,'Marc Cardona Rovira',7,'DEL','1995-07-07',68,183,'M. Cardona','España',3,'España','https://thumb.resfu.com/img_data/players/medium/194290.jpg'),(194498,'Andoni Gorosabel Espinosa',18,'DEF','1996-08-03',73,174,'Gorosabel','España',12,'España','https://thumb.resfu.com/img_data/players/medium/194498.jpg'),(196695,'Rafael Jesús Navarro Mazuelos',12,'DEF','1994-02-22',61,173,'Rafa Navarro','España',16,'España','https://thumb.resfu.com/img_data/players/medium/196695.jpg'),(196948,'Alexánder Alegria Moreno',10,'DEL','1992-10-13',82,189,'Alex Alegría','España',10,'España','https://thumb.resfu.com/img_data/players/medium/196948.jpg'),(197274,'Iván Villar Martinez',25,'POR','1997-07-08',76,183,'Iván Villar','España',18,'España','https://thumb.resfu.com/img_data/players/medium/197274.jpg'),(198212,'Leonardo Gabriel Suárez',22,'DEL','1996-03-29',63,167,'L. Suárez','Argentina',13,'Argentina','https://thumb.resfu.com/img_data/players/medium/198212.jpg'),(198493,'Nélson Cabral Semedo',2,'DEF','1993-11-15',67,177,'N. Semedo','Portugal',5,'Portugal','https://thumb.resfu.com/img_data/players/medium/198493.jpg'),(198748,'Adrián Marín Gómez',17,'DEF','1997-01-08',70,185,'A. Marín','España',16,'España','https://thumb.resfu.com/img_data/players/medium/198748.jpg'),(198904,'Waldo Rubio Marin',23,'DEL','1995-08-16',80,181,'Waldo','España',15,'España','https://thumb.resfu.com/img_data/players/medium/198904.jpg'),(199145,'Aarón Escandell Banacloche',13,'POR','1995-09-26',72,188,'Aarón Escandell','España',7,'España','https://thumb.resfu.com/img_data/players/medium/199145.jpg'),(199390,'Luca Sangalli Fuentes',23,'MED','1995-02-09',62,167,'L. Sangalli','España',12,'España','https://thumb.resfu.com/img_data/players/medium/199390.jpg'),(199632,'Antonio Sivera Salvá',13,'POR','1996-08-10',76,181,'Antonio Sivera','España',16,'España','https://thumb.resfu.com/img_data/players/medium/199632.jpg'),(200193,'Thomas Lemar',11,'MED','1995-11-11',62,171,'T. Lemar','Francia',2,'Francia','https://thumb.resfu.com/img_data/players/medium/200193.jpg'),(200996,'Clément Lenglet',15,'DEF','1995-06-16',80,185,'C. Lenglet','Francia',5,'Francia','https://thumb.resfu.com/img_data/players/medium/200996.jpg'),(201156,'Gonçalo Manuel Ganchinho Guedes',7,'DEL','1996-11-28',68,179,'G. Guedes','Portugal',14,'Portugal','https://thumb.resfu.com/img_data/players/medium/201156.jpg'),(201547,'Javier Jiménez García',32,'DEF','1997-03-10',74,182,'J. Jiménez','España',14,'España','https://thumb.resfu.com/img_data/players/medium/201547.jpg'),(201968,'David Concha Salas',0,'DEL','1996-11-19',62,177,'D. Concha','España',12,'España','https://thumb.resfu.com/img_data/players/medium/201968.jpg'),(204877,'José Antonio Martínez Gil',5,'DEF','1993-02-11',80,189,'Martínez','España',7,'España','https://thumb.resfu.com/img_data/players/medium/204877.jpg'),(205427,'Pape Cheikh Diop Gueye',24,'MED','1997-08-07',68,180,'P. Cheikh','España',18,'España','https://thumb.resfu.com/img_data/players/medium/205427.jpg'),(205429,'Brais Méndez Portela',23,'MED','1997-01-06',76,187,'Brais Méndez','España',18,'España','https://thumb.resfu.com/img_data/players/medium/205429.jpg'),(205602,'Nikola Vukcevic',17,'MED','1991-12-12',74,184,'N. Vukcevic','Montenegro',9,'Montenegro','https://thumb.resfu.com/img_data/players/medium/205602.jpg'),(205797,'Ramiro Guerra Pereyra',26,'MED','1997-03-20',71,176,'R. Guerra','Uruguay',13,'Uruguay','https://thumb.resfu.com/img_data/players/medium/205797.jpg'),(205799,'Álvaro Aguado Méndez',16,'MED','1996-04-30',66,174,'A. Aguado','España',15,'España','https://thumb.resfu.com/img_data/players/medium/205799.jpg'),(205806,'Miquel Parera Piza',25,'POR','1996-05-17',74,180,'Miquel Parera','España',10,'España','https://thumb.resfu.com/img_data/players/medium/205806.jpg'),(205809,'Joan Sastre Vanrell',2,'DEF','1997-04-29',73,175,'Joan Sastre','España',10,'España','https://thumb.resfu.com/img_data/players/medium/205809.jpg'),(205917,'Roberto Ibáñez Castro',17,'MED','1993-03-21',65,175,'Robert','España',3,'España','https://thumb.resfu.com/img_data/players/medium/205917.jpg'),(207102,'Ignacio Vidal Miralles',2,'DEF','1995-01-23',75,180,'Nacho Vidal','España',3,'España','https://thumb.resfu.com/img_data/players/medium/207102.jpg'),(207179,'Jorge Sáenz De Miera Colmeiro',16,'DEF','1996-11-16',75,192,'Jorge Sáenz','España',18,'España','https://thumb.resfu.com/img_data/players/medium/207179.jpg'),(210114,'Darko Brasanac',20,'MED','1992-02-11',73,178,'D. Brasanac','Serbia',3,'Serbia','https://thumb.resfu.com/img_data/players/medium/210114.jpg'),(212556,'Karl Brillant Toko Ekambi',17,'DEL','1992-09-13',70,183,'Toko Ekambi','Camerún',13,'Camerún','https://thumb.resfu.com/img_data/players/medium/212556.jpg'),(213000,'Robert Kenedy Nunes Do Nascimento',25,'MED','1996-02-07',77,182,'Kenedy','Brasil',6,'Brasil','https://thumb.resfu.com/img_data/players/medium/213000.jpg'),(213413,'Erick Cathriel Cabaco Almada',18,'DEF','1995-04-18',75,186,'E. Cabaco','Uruguay',9,'Uruguay','https://thumb.resfu.com/img_data/players/medium/213413.jpg'),(217441,'Daniel Alejandro Torres Rojas',16,'MED','1989-11-14',80,183,'D. Torres','Colombia',16,'Colombia','https://thumb.resfu.com/img_data/players/medium/217441.jpg'),(217517,'Laureano Antonio Villa Suárez',19,'DEL','1995-01-06',61,171,'Toni Villa','España',15,'España','https://thumb.resfu.com/img_data/players/medium/217517.jpg'),(218138,'Federico San Emeterio Díaz',16,'MED','1997-03-15',68,174,'F. San Emeterio','España',15,'España','https://thumb.resfu.com/img_data/players/medium/218138.jpg'),(219475,'Martin Ødegaard',21,'MED','1998-12-16',68,176,'M. Ødegaard','Noruega',12,'Noruega','https://thumb.resfu.com/img_data/players/medium/219475.jpg'),(222134,'Luka Jović',18,'DEL','1997-12-22',79,181,'L. Jović','Serbia, Bosnia-Herzegovina',8,'Serbia','https://thumb.resfu.com/img_data/players/medium/222134.jpg'),(222400,'Carlos Neva Tey',15,'DEF','1996-06-11',64,174,'Carlos Neva','España',7,'España','https://thumb.resfu.com/img_data/players/medium/222400.jpg'),(223247,'Ferland Mendy',23,'DEF','1995-06-07',73,178,'F. Mendy','Francia, Senegal',8,'Francia','https://thumb.resfu.com/img_data/players/medium/223247.jpg'),(227896,'Robin Le Normand',24,'DEF','1996-11-10',80,187,'R. Le Normand','Francia',12,'Francia','https://thumb.resfu.com/img_data/players/medium/227896.jpg'),(229244,'Alexander Szymanowski',11,'DEL','1988-10-12',65,175,'A. Szymanowski','Argentina',20,'Argentina','https://thumb.resfu.com/img_data/players/medium/229244.jpg'),(229430,'Domingos De Sousa Coutinho Meneses Duarte',22,'DEF','1995-03-09',78,190,'D. Duarte','Portugal',7,'Portugal','https://thumb.resfu.com/img_data/players/medium/229430.jpg'),(230429,'Pione Sisto Ifolo Emirmija',11,'DEL','1995-02-03',64,171,'P. Sisto','Dinamarca',18,'Dinamarca','https://thumb.resfu.com/img_data/players/medium/230429.jpg'),(230702,'Wu Lei',7,'DEL','1991-11-18',66,174,'Wu Lei','China',4,'China','https://thumb.resfu.com/img_data/players/medium/230702.jpg'),(231461,'José Manuel Arnaiz Díaz',10,'DEL','1995-04-14',70,175,'J. Arnaiz','España',20,'España','https://thumb.resfu.com/img_data/players/medium/231461.jpg'),(232128,'Diego Carlos Santos Silva',20,'DEF','1993-03-14',79,184,'Diego Carlos','Brasil',19,'Brasil','https://thumb.resfu.com/img_data/players/medium/232128.jpg'),(233363,'Gabriel Matías Fernández Leites',19,'DEL','1994-05-12',80,186,'G. Fernandez','Uruguay',18,'Uruguay','https://thumb.resfu.com/img_data/players/medium/233363.jpg'),(234501,'Christian Rivera Hernández',14,'MED','1997-07-08',80,190,'Christian Rivera','España',20,'España','https://thumb.resfu.com/img_data/players/medium/234501.jpg'),(234630,'Borja Mayoral Moya',21,'DEL','1997-04-04',68,181,'B. Mayoral','España',9,'España','https://thumb.resfu.com/img_data/players/medium/234630.jpg'),(235140,'Antonio Latorre Grueso',0,'DEF','1997-11-20',64,171,'Lato','España',3,'España','https://thumb.resfu.com/img_data/players/medium/235140.jpg'),(235487,'Antonio Moya Vega',38,'MED','1998-03-19',69,175,'Toni Moya','España',2,'España','https://thumb.resfu.com/img_data/players/medium/235487.jpg'),(235682,'Daniel Martín Fernández',13,'POR','1998-07-07',76,186,'Dani','España',11,'España','https://thumb.resfu.com/img_data/players/medium/235682.jpg'),(237929,'Ivan Saponjic',17,'DEL','1997-08-01',83,189,'I. Šaponjić','Serbia',2,'Serbia','https://thumb.resfu.com/img_data/players/medium/237929.jpg'),(238043,'Javier Sánchez De Felipe',15,'DEF','1997-03-13',77,189,'Javi Sánchez','España',15,'España','https://thumb.resfu.com/img_data/players/medium/238043.jpg'),(239190,'Marko Dmitrović',1,'POR','1992-01-23',81,190,'M. Dmitrović','Serbia',17,'Serbia','https://thumb.resfu.com/img_data/players/medium/239190.jpg'),(240682,'Francisco Barbosa Vieites',27,'POR','1999-05-06',87,196,'Fran Vieites','España',18,'España','https://thumb.resfu.com/img_data/players/medium/240682.jpg'),(240731,'Mouctar Diakhaby',12,'DEF','1996-12-18',74,192,'M. Diakhaby','Francia, Guinea',14,'Francia','https://thumb.resfu.com/img_data/players/medium/240731.jpg'),(240939,'Mauro Wilney Arambarri Rosa',18,'MED','1995-09-29',71,177,'M. Arambarri','Uruguay',6,'Uruguay','https://thumb.resfu.com/img_data/players/medium/240939.jpg'),(241919,'Ousmane Dembélé',11,'DEL','1997-05-14',61,177,'O. Dembélé','Francia',5,'Francia','https://thumb.resfu.com/img_data/players/medium/241919.jpg'),(242164,'Martín Aguirregabiria Padilla',21,'DEF','1996-05-09',70,178,'M. Aguirregabiria','España',16,'España','https://thumb.resfu.com/img_data/players/medium/242164.jpg'),(246256,'Oliver Burke',24,'DEL','1997-04-06',75,188,'O. Burke','Escocia',16,'Escocia','https://thumb.resfu.com/img_data/players/medium/246256.jpg'),(246997,'Alfonso Pedraza Sag',6,'DEF','1996-04-08',75,182,'A. Pedraza','España',11,'España','https://thumb.resfu.com/img_data/players/medium/246997.jpg'),(247848,'Kevin Oliver Soni',36,'DEL','1998-04-16',81,186,'K. Soni','Camerún',4,'Camerún','https://thumb.resfu.com/img_data/players/medium/247848.jpg'),(248082,'Manuel Javier Vallejo Galván',15,'DEL','1997-02-13',62,167,'M. Vallejo','España',14,'España','https://thumb.resfu.com/img_data/players/medium/248082.jpg'),(248818,'Pervis Josué Estupiñán Tenorio',30,'DEF','1998-01-20',79,175,'P. Estupiñán','Ecuador',3,'Ecuador','https://thumb.resfu.com/img_data/players/medium/248818.jpg'),(249086,'Arthur Henrique Ramos De Oliveira Melo',8,'MED','1996-08-11',68,172,'Arthur','Brasil',5,'Brasil','https://thumb.resfu.com/img_data/players/medium/249086.jpg'),(250738,'Hector Junior Firpo Adamés',24,'DEF','1996-08-21',78,184,'Junior','España, República Dominicana',5,'España','https://thumb.resfu.com/img_data/players/medium/250738.jpg'),(251045,'Chidozie Awaziem',12,'DEF','1996-12-31',64,189,'C. Awaziem','Nigeria',20,'Nigeria','https://thumb.resfu.com/img_data/players/medium/251045.jpg'),(251048,'Lumor Agbenyenu',3,'DEF','1996-08-14',68,175,'Lumor','Ghana',10,'Ghana','https://thumb.resfu.com/img_data/players/medium/251048.jpg'),(251054,'Mario Rodríguez Ruiz',31,'MED','1997-03-02',64,176,'Mario Rodríguez','España',7,'España','https://thumb.resfu.com/img_data/players/medium/251054.jpg'),(274684,'Daniel Cárdenas Lindez',26,'POR','1997-03-27',74,184,'Cárdenas','España',9,'España','https://thumb.resfu.com/img_data/players/medium/274684.jpg'),(275587,'Sergio Bermejo Lillo',28,'MED','1997-08-16',68,170,'Bermejo','España',18,'España','https://thumb.resfu.com/img_data/players/medium/275587.jpg'),(275862,'Carles Aleña Castillo',24,'MED','1998-01-04',70,180,'C. Aleñá','España',11,'España','https://thumb.resfu.com/img_data/players/medium/275862.jpg'),(275864,'Marc Cucurella Saseta',15,'DEF','1998-07-21',68,173,'M. Cucurella','España',6,'España','https://thumb.resfu.com/img_data/players/medium/275864.jpg'),(275901,'Daniel Morer Cabrera',35,'DEF','1998-02-04',63,169,'D. Morer','España',5,'España','https://thumb.resfu.com/img_data/players/medium/275901.jpg'),(276603,'Francisco Guerrero Martin',2,'DEF','1996-03-10',78,175,'Francis Guerrero','España',11,'España','https://thumb.resfu.com/img_data/players/medium/276603.jpg'),(276807,'Joseph Aidoo',18,'DEF','1995-09-28',80,184,'J. Aidoo','Ghana',18,'Ghana','https://thumb.resfu.com/img_data/players/medium/276807.jpg'),(277014,'Filip Manojlović',0,'POR','1996-04-24',85,197,'F. Manojlović','Serbia',6,'Serbia','https://thumb.resfu.com/img_data/players/medium/277014.jpg'),(277093,'Moussa Wagué',16,'DEF','1998-10-03',72,177,'M. Wagué','Senegal',5,'Senegal','https://thumb.resfu.com/img_data/players/medium/277093.jpg'),(277354,'Matías Ezequiel Vargas Martín',22,'DEL','1997-05-07',66,168,'M. Vargas','Argentina',4,'Argentina','https://thumb.resfu.com/img_data/players/medium/277354.jpg'),(279661,'Frenkie De Jong',21,'MED','1997-05-11',69,179,'F. De Jong','Países Bajos',5,'Países Bajos','https://thumb.resfu.com/img_data/players/medium/279661.jpg'),(280863,'Igor Zubeldia Elorza',5,'MED','1997-03-29',79,180,'I. Zubeldia','España',12,'España','https://thumb.resfu.com/img_data/players/medium/280863.jpg'),(281126,'André-Frank Zambo Anguissa',19,'MED','1995-11-15',74,184,'Zambo Anguissa','Camerún',13,'Camerún','https://thumb.resfu.com/img_data/players/medium/281126.jpg'),(281232,'Aleksandar Sedlar',20,'DEF','1991-12-12',79,178,'A. Sedlar','Serbia, Polonia',10,'Serbia','https://thumb.resfu.com/img_data/players/medium/281232.jpg'),(281486,'Federico Santiago Valverde Dipetta',15,'MED','1998-07-21',74,181,'F. Valverde','Uruguay, España',8,'Uruguay','https://thumb.resfu.com/img_data/players/medium/281486.jpg'),(281680,'Mikel Oyarzabal',10,'DEL','1997-04-20',75,180,'M. Oyarzabal','España',12,'España','https://thumb.resfu.com/img_data/players/medium/281680.jpg'),(281720,'Víctor Campuzano Bonilla',31,'DEL','1997-05-30',72,174,'V. Campuzano','España',4,'España','https://thumb.resfu.com/img_data/players/medium/281720.jpg'),(282294,'Carlos Soler Barragán',8,'MED','1997-01-01',76,180,'C. Soler','España',14,'España','https://thumb.resfu.com/img_data/players/medium/282294.jpg'),(282577,'Eduardo Expósito Jaén',10,'MED','1996-07-31',67,180,'Expósito','España',17,'España','https://thumb.resfu.com/img_data/players/medium/282577.jpg'),(283147,'Iddrisu Baba Mohamed',12,'MED','1996-01-21',76,182,'Baba','Ghana',10,'Ghana','https://thumb.resfu.com/img_data/players/medium/283147.jpg'),(283514,'Juan Camilo Hernández Suárez',29,'DEL','1999-04-21',73,175,'Cucho','Colombia',10,'Colombia','https://thumb.resfu.com/img_data/players/medium/283514.jpg'),(283551,'Amath Ndiaye Deidhiou',11,'DEL','1996-07-15',65,170,'Amath','Senegal',6,'Senegal','https://thumb.resfu.com/img_data/players/medium/283551.jpg'),(283594,'Maximiliano Gómez González',22,'DEL','1996-08-13',86,186,'M. Gómez','Uruguay',14,'Uruguay','https://thumb.resfu.com/img_data/players/medium/283594.jpg'),(283901,'Óscar Rodríguez Arnaiz',27,'MED','1998-06-27',67,174,'Óscar','España',20,'España','https://thumb.resfu.com/img_data/players/medium/283901.jpg'),(284540,'Carles Pérez Sayol',27,'DEL','1998-02-15',75,173,'C. Pérez','España',5,'España','https://thumb.resfu.com/img_data/players/medium/284540.jpg'),(284543,'Ignacio Peña Sotorres',26,'POR','1999-03-01',78,184,'Iñaki Peña','España',5,'España','https://thumb.resfu.com/img_data/players/medium/284543.jpg'),(285284,'Enis Bardhi',10,'MED','1995-07-01',67,169,'E. Bardhi','Macedonia',9,'Macedonia','https://thumb.resfu.com/img_data/players/medium/285284.jpg'),(287799,'Vasyl Kravets',23,'DEF','1997-08-19',78,185,'V. Kravets','Ucrania',20,'Ucrania','https://thumb.resfu.com/img_data/players/medium/287799.jpg'),(289953,'Darío Poveda Romera',40,'DEL','1997-03-12',75,185,'Darío','España',2,'España','https://thumb.resfu.com/img_data/players/medium/289953.jpg'),(289964,'Pau Francisco Torres',4,'DEF','1997-01-15',80,192,'Pau','España',13,'España','https://thumb.resfu.com/img_data/players/medium/289964.jpg'),(290474,'Juan Soriano Oropesa',13,'POR','1997-08-22',78,182,'J. Soriano','España',20,'España','https://thumb.resfu.com/img_data/players/medium/290474.jpg'),(291862,'Javier Díaz Sánchez',31,'POR','1997-05-14',75,185,'J. Díaz','España',19,'España','https://thumb.resfu.com/img_data/players/medium/291862.jpg'),(292132,'Marcos Paulo Mesquita Lopes',7,'DEL','1995-12-27',68,175,'Rony Lopes','Portugal, Brasil',19,'Portugal','https://thumb.resfu.com/img_data/players/medium/292132.jpg'),(295528,'Samuel Chimerenka Chukwueze',11,'DEL','1999-05-21',70,172,'S. Chukwueze','Nigeria',13,'Nigeria','https://thumb.resfu.com/img_data/players/medium/295528.jpg'),(296305,'Éder Gabriel Militão',3,'DEF','1998-01-17',79,186,'Éder Militão','Brasil',8,'Brasil','https://thumb.resfu.com/img_data/players/medium/296305.jpg'),(297592,'Brahim Abdelkader Díaz',21,'MED','1999-08-02',68,170,'Brahim','España, Marruecos',8,'España','https://thumb.resfu.com/img_data/players/medium/297592.jpg'),(300184,'Aritz Castro Pérez',31,'POR','1998-05-19',71,179,'Aritz Castro','España',16,'España','https://thumb.resfu.com/img_data/players/medium/300184.jpg'),(301340,'Alexander Isak',19,'DEL','1999-09-20',74,190,'A. Isak','Suecia, Eritrea',12,'Suecia','https://thumb.resfu.com/img_data/players/medium/301340.jpg'),(307429,'Martin Valjent',24,'DEF','1995-12-10',70,180,'M. Valjent','Eslovaquia',10,'Eslovaquia','https://thumb.resfu.com/img_data/players/medium/307429.jpg'),(308966,'Jorge De Frutos Sebastian',12,'DEL','1997-02-19',72,173,'J. De Frutos','España',15,'España','https://thumb.resfu.com/img_data/players/medium/308966.jpg'),(309516,'Cristian Rivero Sabater',28,'POR','1998-03-20',75,188,'C. Rivero','España',14,'España','https://thumb.resfu.com/img_data/players/medium/309516.jpg'),(309864,'Jules Kounde',12,'DEF','1998-11-11',70,178,'J. Kounde','Francia, Benin',19,'Francia','https://thumb.resfu.com/img_data/players/medium/309864.jpg'),(310033,'Francisco José Beltrán Peinado',8,'MED','1999-02-02',64,170,'F. Beltrán','España',18,'España','https://thumb.resfu.com/img_data/players/medium/310033.jpg'),(311763,'Aitor Ruibal Garcia',19,'DEL','1996-03-21',75,180,'A. Ruibal','España',20,'España','https://thumb.resfu.com/img_data/players/medium/311763.jpg'),(314364,'Yangel Clemente Herrera Ravelo',21,'MED','1998-01-06',72,182,'Y. Herrera','Venezuela',7,'Venezuela','https://thumb.resfu.com/img_data/players/medium/314364.jpg'),(316511,'Gonzalo Ávila Gordón',2,'DEF','1998-01-25',68,175,'Pipa','España',4,'España','https://thumb.resfu.com/img_data/players/medium/316511.jpg'),(319028,'Pol Lozano Vizuete',26,'MED','1999-10-05',68,176,'P. Lozano','España',4,'España','https://thumb.resfu.com/img_data/players/medium/319028.jpg'),(319030,'Manuel Morlanes Ariño',15,'MED','1999-01-11',74,173,'M. Morlanes','España',13,'España','https://thumb.resfu.com/img_data/players/medium/319030.jpg'),(319464,'Thierry Rendall Correia',2,'DEF','1999-03-08',60,180,'Thierry Correia','Portugal',14,'Portugal','https://thumb.resfu.com/img_data/players/medium/319464.jpg'),(320241,'Andoni Zubiaurre Dorronsoro',30,'POR','1996-12-03',85,190,'A. Zubiaurre','España',12,'España','https://thumb.resfu.com/img_data/players/medium/320241.jpg'),(320249,'Andriy Lunin',13,'POR','1999-02-10',78,191,'A. Lunin','Ucrania',15,'Ucrania','https://thumb.resfu.com/img_data/players/medium/320249.jpg'),(323688,'Youssef En Nesyri',26,'DEL','1997-05-31',73,189,'En-Nesyri','Marruecos',20,'Marruecos','https://thumb.resfu.com/img_data/players/medium/323688.jpg'),(325342,'Eliseo Falcón Falcón',40,'DEF','1997-02-10',83,183,'Eliseo','España',9,'España','https://thumb.resfu.com/img_data/players/medium/325342.jpg'),(326081,'Aritz Arambarri Murua',33,'DEF','1998-01-30',76,186,'Aritz','España',12,'España','https://thumb.resfu.com/img_data/players/medium/326081.jpg'),(326936,'Adriá Giner Pedrosa',3,'DEF','1998-05-12',69,176,'Adriá Pedrosa','España',4,'España','https://thumb.resfu.com/img_data/players/medium/326936.jpg'),(328280,'Alejandro Pozo Pozo',15,'MED','1999-02-21',70,174,'Pozo','España',19,'España','https://thumb.resfu.com/img_data/players/medium/328280.jpg'),(333261,'Oscar Melendo Jiménez',14,'MED','1997-08-22',63,167,'O. Melendo','España',4,'España','https://thumb.resfu.com/img_data/players/medium/333261.jpg'),(335085,'Takefusa Kubo',26,'MED','2001-06-03',69,167,'T. Kubo','Japón',10,'Japón','https://thumb.resfu.com/img_data/players/medium/335085.jpg'),(335731,'Gaizka Larrazabal Goicoetxea',12,'DEL','1997-12-16',81,180,'G. Larrazabal','España',1,'España','https://thumb.resfu.com/img_data/players/medium/335731.jpg'),(337079,'Gonzalo Pereira Cejudo',29,'DEF','1997-02-13',77,182,'G. Pereira','España',9,'España','https://thumb.resfu.com/img_data/players/medium/337079.jpg'),(337643,'Miguel Angel Leal Díaz',36,'DEF','1997-01-31',68,176,'Migue','España',13,'España','https://thumb.resfu.com/img_data/players/medium/337643.jpg'),(337644,'Andrei Florin Ratiu',27,'DEF','1998-06-19',79,183,'Andrei','Rumanía',13,'Rumanía','https://thumb.resfu.com/img_data/players/medium/337644.jpg'),(341347,'João Félix Sequeira',7,'DEL','1999-11-09',64,178,'João Félix','Portugal',2,'Portugal','https://thumb.resfu.com/img_data/players/medium/341347.jpg'),(342212,'Renan Augusto Lodi Dos Santos',12,'DEF','1998-04-07',74,178,'Renan Lodi','Brasil',2,'Brasil','https://thumb.resfu.com/img_data/players/medium/342212.jpg'),(342274,'Ferran Torres García',20,'MED','2000-02-28',77,184,'Ferran Torres','España',14,'España','https://thumb.resfu.com/img_data/players/medium/342274.jpg'),(343862,'Ander Guevara Lajo',16,'MED','1997-07-06',73,180,'A. Guevara','España',12,'España','https://thumb.resfu.com/img_data/players/medium/343862.jpg'),(343870,'Emerson Aparecido Leite De Souza Junior',22,'DEF','1999-01-13',79,181,'Emerson','Brasil',11,'Brasil','https://thumb.resfu.com/img_data/players/medium/343870.jpg'),(343879,'Santiago Cáseres',5,'MED','1997-02-24',77,177,'S. Cáseres','Argentina',13,'Argentina','https://thumb.resfu.com/img_data/players/medium/343879.jpg'),(344763,'Moctar Sidi El Hacen El Ide',33,'MED','1997-12-30',79,181,'El Hacen','Mauritania',15,'Mauritania','https://thumb.resfu.com/img_data/players/medium/344763.jpg'),(346357,'Neyder Yessy Lozano Rentería',18,'DEF','1994-03-03',82,185,'Neyder Yessy','Colombia',7,'Colombia','https://thumb.resfu.com/img_data/players/medium/346357.jpg'),(348472,'Kang-in Lee',16,'MED','2001-02-18',60,173,'Kang-In Lee','Corea del Sur',14,'Corea del Sur','https://thumb.resfu.com/img_data/players/medium/348472.jpg'),(355316,'Javier Avilés Cortés',33,'DEL','1997-08-16',71,181,'J. Avilés','España',20,'España','https://thumb.resfu.com/img_data/players/medium/355316.jpg'),(355710,'Ronald Federico Araújo Da Silva',33,'DEF','1999-03-06',91,185,'R. Araújo','Uruguay',5,'Uruguay','https://thumb.resfu.com/img_data/players/medium/355710.jpg'),(356307,'Ekhi Bravo Doiz',29,'MED','1997-11-29',0,0,'E. Bravo','España',17,'España','https://thumb.resfu.com/img_data/players/medium/356307.jpg'),(356416,'Iñaki Álvarez Goñi',37,'POR','1997-06-17',0,0,'Iñaki','España',3,'España','https://thumb.resfu.com/img_data/players/medium/356416.jpg'),(357807,'Miguel De La Fuente Escudero',29,'DEL','1999-09-02',77,180,'M. De La Fuente','España',15,'España','https://thumb.resfu.com/img_data/players/medium/357807.jpg'),(357898,'Miguel Angel Atienza Villa',33,'MED','1999-05-26',77,186,'M. Atienza','España',17,'España','https://thumb.resfu.com/img_data/players/medium/357898.jpg'),(358508,'Florent Poulolo',28,'DEF','1997-01-01',0,189,'F. Poulolo','Francia, Martinica',6,'Francia','https://thumb.resfu.com/img_data/players/medium/358508.jpg'),(358618,'Vinicius José Paixão De Oliveira Júnior',25,'DEL','2000-07-11',67,177,'Vinicius Jr.','Brasil',8,'Brasil','https://thumb.resfu.com/img_data/players/medium/358618.jpg'),(362300,'Oier Sarriegi Isasa',0,'DEF','1997-05-16',0,181,'O. Sarriegi','España',16,'España','https://thumb.resfu.com/img_data/players/medium/362300.jpg'),(365799,'Diego Lainez Leyva',20,'MED','2000-06-08',58,168,'D. Lainez','México',11,'México','https://thumb.resfu.com/img_data/players/medium/365799.jpg'),(365923,'Rodrygo Silva De Goes',27,'DEL','2001-01-08',62,171,'Rodrygo','Brasil',8,'Brasil','https://thumb.resfu.com/img_data/players/medium/365923.jpg'),(367222,'Victor Gomez Perea',34,'DEF','2000-03-31',69,166,'V. Gómez','España',4,'España','https://thumb.resfu.com/img_data/players/medium/367222.jpg'),(372019,'Pablo Martínez Andrés',36,'MED','1998-02-21',74,182,'Pablo','España',9,'España','https://thumb.resfu.com/img_data/players/medium/372019.jpg'),(388866,'Aihen Muñoz Capellán',12,'DEF','1997-08-15',72,175,'Aihen Muñoz','España',12,'España','https://thumb.resfu.com/img_data/players/medium/388866.jpg'),(393909,'Modibo Sagnan',15,'DEF','1999-04-13',71,187,'Modibo Sagnan','Francia, Mali',12,'Francia','https://thumb.resfu.com/img_data/players/medium/393909.jpg'),(396507,'Daniel Vivian Moreno',29,'DEF','1999-07-04',83,183,'Dani Vivian','España',1,'España','https://thumb.resfu.com/img_data/players/medium/396507.jpg'),(397999,'Hugo Duro Perales',26,'DEL','1999-11-09',63,171,'Hugo Duro','España',6,'España','https://thumb.resfu.com/img_data/players/medium/397999.jpg'),(423524,'Iván Lopez Cristobal',28,'DEF','1998-08-07',0,0,'Ivi','España',20,'España','https://thumb.resfu.com/img_data/players/medium/423524.jpg'),(423702,'Raul Garcia De Haro',35,'DEL','2000-11-29',69,191,'Raul','España',11,'España','https://thumb.resfu.com/img_data/players/medium/423702.jpg'),(426986,'Rodrigo Riquelme Reche',32,'MED','2000-04-01',89,174,'Rodrigo Riquelme','España',2,'España','https://thumb.resfu.com/img_data/players/medium/426986.jpg'),(426996,'Sergio Camello Pérez',34,'MED','2001-02-09',72,177,'S. Camello','España',2,'España','https://thumb.resfu.com/img_data/players/medium/426996.jpg'),(427161,'Ricard Puig Martí',28,'MED','1999-08-12',68,169,'Riqui Puig','España',5,'España','https://thumb.resfu.com/img_data/players/medium/427161.jpg'),(428368,'Bryan Gil Salvatierra',30,'DEL','2001-02-10',60,176,'Bryan Gil','España',19,'España','https://thumb.resfu.com/img_data/players/medium/428368.jpg'),(460285,'Jon Moncayola Tollar',27,'MED','1998-05-12',66,175,'Moncayola','España',3,'España','https://thumb.resfu.com/img_data/players/medium/460285.jpg'),(460639,'Sergio Carreira Vilariño',32,'DEF','2000-10-12',0,170,'S. Carreira','España',18,'España','https://thumb.resfu.com/img_data/players/medium/460639.jpg'),(468129,'Arnau Tenas Ureña',36,'POR','2001-05-29',75,185,'A. Tenas','España',5,'España','https://thumb.resfu.com/img_data/players/medium/468129.jpg'),(468134,'German Valera Karabinaite',48,'DEL','2002-03-15',67,170,'G. Valera','España',2,'España','https://thumb.resfu.com/img_data/players/medium/468134.jpg'),(478829,'Diego Altube Suárez',26,'POR','2000-02-21',84,188,'Altube','España',8,'España','https://thumb.resfu.com/img_data/players/medium/478829.jpg'),(506831,'Jean-Clair Todibo',6,'DEF','1999-12-29',84,189,'J. Todibo','Francia, Francés Guayana',5,'Francia','https://thumb.resfu.com/img_data/players/medium/506831.jpg'),(529097,'Pedro Antonio Porro Sauceda',2,'DEF','1999-09-12',71,176,'Pedro Porro','España',15,'España','https://thumb.resfu.com/img_data/players/medium/529097.jpg'),(556626,'Oihan Sancet Tirapu',34,'MED','2000-04-24',72,188,'O. Sancet','España',1,'España','https://thumb.resfu.com/img_data/players/medium/556626.jpg'),(618153,'Mohammed Salisu Abdul Karim',27,'DEF','1999-04-16',82,191,'M. Salisu','Ghana',15,'Ghana','https://thumb.resfu.com/img_data/players/medium/618153.jpg'),(630251,'Daniel Rebollo Franco',30,'POR','1999-12-09',77,185,'Rebollo','España',11,'España','https://thumb.resfu.com/img_data/players/medium/630251.jpg'),(638761,'Stiven Ricardo Plaza Castillo',31,'DEL','1999-03-10',80,188,'S. Plaza','Ecuador',15,'Ecuador','https://thumb.resfu.com/img_data/players/medium/638761.jpg'),(730079,'Ismael Gutiérrez Montilla',37,'MED','2000-10-09',74,176,'Ismael','España',11,'España','https://thumb.resfu.com/img_data/players/medium/730079.jpg'),(731329,'Vicente Esquerdo Santas',34,'MED','1999-01-01',75,182,'V. Esquerdo','España',14,'España','https://thumb.resfu.com/img_data/players/medium/731329.jpg'),(759864,'André Felipe Grandi',30,'POR','1997-05-01',84,191,'André','Brasil',20,'Brasil','https://thumb.resfu.com/img_data/players/medium/759864.jpg'),(776229,'Manuel Sánchez De La Peña',35,'DEF','2000-08-23',70,179,'Manu Sánchez','España',2,'España','https://thumb.resfu.com/img_data/players/medium/776229.jpg'),(776260,'Anssumane Fati',31,'DEL','2002-10-30',55,178,'A. Fati','España',5,'España','https://thumb.resfu.com/img_data/players/medium/776260.jpg'),(804647,'Borja Sainz Eguskiza',29,'MED','2001-01-31',75,178,'Borja Sainz','España',16,'España','https://thumb.resfu.com/img_data/players/medium/804647.jpg'),(822315,'Ander Barrenetxea Muguruza',22,'DEL','2001-12-26',74,175,'A. Barrenetxea','España',12,'España','https://thumb.resfu.com/img_data/players/medium/822315.jpg'),(824848,'Iker Losada Aragunde',36,'DEL','2001-07-31',70,175,'Losada','España',18,'España','https://thumb.resfu.com/img_data/players/medium/824848.jpg'),(854043,'José Sánchez Martinez',39,'DEF','2000-03-01',0,0,'Pepe','España',7,'España','https://thumb.resfu.com/img_data/players/medium/854043.jpg'),(869246,'Sergio Cubero Ezcurra',31,'DEF','1999-09-04',0,0,'S. Cubero','España',17,'España','https://thumb.resfu.com/img_data/players/medium/869246.jpg'),(886898,'Iago Dominguez Rodriguez',0,'POR','2001-11-21',0,0,'Iago','España',18,'España','https://thumb.resfu.com/img_data/players/medium/886898.jpg'),(911223,'Brais Rodriguez Blanco',38,'POR','2003-04-08',0,0,'Brais','España',18,'España','https://thumb.resfu.com/img_data/players/medium/911223.jpg');
/*!40000 ALTER TABLE `jugador` ENABLE KEYS */;
UNLOCK TABLES;

--
-- Table structure for table `partido`
--

DROP TABLE IF EXISTS `partido`;
/*!40101 SET @saved_cs_client     = @@character_set_client */;
/*!50503 SET character_set_client = utf8mb4 */;
CREATE TABLE `partido` (
  `id_partido` smallint(5) unsigned NOT NULL AUTO_INCREMENT,
  `goles_local` tinyint(3) unsigned DEFAULT NULL,
  `goles_visitante` tinyint(3) unsigned DEFAULT NULL,
  `fecha` datetime DEFAULT NULL,
  `disputado` tinyint(1) DEFAULT '0',
  `id_equipo_local` tinyint(3) unsigned DEFAULT NULL,
  `id_equipo_visitante` tinyint(3) unsigned DEFAULT NULL,
  `id_jornada` tinyint(3) unsigned DEFAULT NULL,
  `id_arbitro` tinyint(3) unsigned DEFAULT NULL,
  PRIMARY KEY (`id_partido`),
  KEY `partido_FK` (`id_jornada`),
  KEY `partido_FK_1` (`id_equipo_local`),
  KEY `partido_FK_2` (`id_equipo_visitante`),
  KEY `partido_fk_3` (`id_arbitro`),
  CONSTRAINT `partido_FK` FOREIGN KEY (`id_jornada`) REFERENCES `jornada` (`id_jornada`) ON DELETE SET NULL,
  CONSTRAINT `partido_FK_1` FOREIGN KEY (`id_equipo_local`) REFERENCES `equipo` (`id_equipo`),
  CONSTRAINT `partido_FK_2` FOREIGN KEY (`id_equipo_visitante`) REFERENCES `equipo` (`id_equipo`),
  CONSTRAINT `partido_fk_3` FOREIGN KEY (`id_arbitro`) REFERENCES `arbitro` (`id_arbitro`) ON DELETE SET NULL ON UPDATE CASCADE
) ENGINE=InnoDB AUTO_INCREMENT=382 DEFAULT CHARSET=utf8 COLLATE=utf8_unicode_ci;
/*!40101 SET character_set_client = @saved_cs_client */;

--
-- Dumping data for table `partido`
--

LOCK TABLES `partido` WRITE;
/*!40000 ALTER TABLE `partido` DISABLE KEYS */;
INSERT INTO `partido` VALUES (2,1,0,'2019-08-16 21:00:00',1,1,5,1,NULL),(3,NULL,NULL,NULL,0,18,8,1,NULL),(4,NULL,NULL,NULL,0,14,12,1,NULL),(5,NULL,NULL,NULL,0,10,17,1,NULL),(6,NULL,NULL,NULL,0,13,7,1,NULL),(7,NULL,NULL,NULL,0,20,3,1,NULL),(8,NULL,NULL,NULL,0,16,9,1,NULL),(9,NULL,NULL,NULL,0,4,19,1,NULL),(10,NULL,NULL,NULL,0,11,15,1,NULL),(11,NULL,NULL,NULL,0,2,6,1,NULL),(12,NULL,NULL,NULL,0,7,19,2,NULL),(13,NULL,NULL,NULL,0,9,13,2,NULL),(14,NULL,NULL,NULL,0,3,17,2,NULL),(15,NULL,NULL,NULL,0,8,15,2,NULL),(16,NULL,NULL,NULL,0,6,1,2,NULL),(17,NULL,NULL,NULL,0,18,14,2,NULL),(18,NULL,NULL,NULL,0,10,12,2,NULL),(19,NULL,NULL,NULL,0,16,4,2,NULL),(20,NULL,NULL,NULL,0,20,2,2,NULL),(21,NULL,NULL,NULL,0,5,11,2,NULL),(22,NULL,NULL,NULL,0,19,18,3,NULL),(23,NULL,NULL,NULL,0,1,12,3,NULL),(24,NULL,NULL,NULL,0,3,5,3,NULL),(25,NULL,NULL,NULL,0,9,15,3,NULL),(26,NULL,NULL,NULL,0,6,16,3,NULL),(27,NULL,NULL,NULL,0,11,20,3,NULL),(28,NULL,NULL,NULL,0,14,10,3,NULL),(29,NULL,NULL,NULL,0,2,17,3,NULL),(30,NULL,NULL,NULL,0,4,7,3,NULL),(31,NULL,NULL,NULL,0,13,8,3,NULL),(32,NULL,NULL,NULL,0,10,1,4,NULL),(33,NULL,NULL,NULL,0,8,9,4,NULL),(34,NULL,NULL,NULL,0,20,13,4,NULL),(35,NULL,NULL,NULL,0,12,2,4,NULL),(36,NULL,NULL,NULL,0,5,14,4,NULL),(37,NULL,NULL,NULL,0,17,4,4,NULL),(38,NULL,NULL,NULL,0,16,19,4,NULL),(39,NULL,NULL,NULL,0,18,7,4,NULL),(40,NULL,NULL,NULL,0,15,3,4,NULL),(41,NULL,NULL,NULL,0,11,6,4,NULL),(42,NULL,NULL,NULL,0,14,20,5,NULL),(43,NULL,NULL,NULL,0,2,18,5,NULL),(44,NULL,NULL,NULL,0,9,17,5,NULL),(45,NULL,NULL,NULL,0,3,11,5,NULL),(46,NULL,NULL,NULL,0,19,8,5,NULL),(47,NULL,NULL,NULL,0,1,16,5,NULL),(48,NULL,NULL,NULL,0,6,10,5,NULL),(49,NULL,NULL,NULL,0,4,12,5,NULL),(50,NULL,NULL,NULL,0,7,5,5,NULL),(51,NULL,NULL,NULL,0,13,15,5,NULL),(52,NULL,NULL,NULL,0,8,3,6,NULL),(53,NULL,NULL,NULL,0,5,13,6,NULL),(54,NULL,NULL,NULL,0,14,6,6,NULL),(55,NULL,NULL,NULL,0,10,2,6,NULL),(56,NULL,NULL,NULL,0,12,16,6,NULL),(57,NULL,NULL,NULL,0,11,9,6,NULL),(58,NULL,NULL,NULL,0,18,4,6,NULL),(59,NULL,NULL,NULL,0,15,7,6,NULL),(60,NULL,NULL,NULL,0,20,1,6,NULL),(61,NULL,NULL,NULL,0,17,19,6,NULL),(62,NULL,NULL,NULL,0,2,8,7,NULL),(63,NULL,NULL,NULL,0,9,3,7,NULL),(64,NULL,NULL,NULL,0,19,12,7,NULL),(65,NULL,NULL,NULL,0,1,14,7,NULL),(66,NULL,NULL,NULL,0,6,5,7,NULL),(67,NULL,NULL,NULL,0,4,15,7,NULL),(68,NULL,NULL,NULL,0,7,20,7,NULL),(69,NULL,NULL,NULL,0,13,11,7,NULL),(70,NULL,NULL,NULL,0,16,10,7,NULL),(71,NULL,NULL,NULL,0,17,18,7,NULL),(72,NULL,NULL,NULL,0,8,7,8,NULL),(73,NULL,NULL,NULL,0,5,19,8,NULL),(74,NULL,NULL,NULL,0,14,16,8,NULL),(75,NULL,NULL,NULL,0,3,13,8,NULL),(76,NULL,NULL,NULL,0,10,4,8,NULL),(77,NULL,NULL,NULL,0,12,6,8,NULL),(78,NULL,NULL,NULL,0,11,17,8,NULL),(79,NULL,NULL,NULL,0,18,1,8,NULL),(80,NULL,NULL,NULL,0,15,2,8,NULL),(81,NULL,NULL,NULL,0,20,9,8,NULL),(82,NULL,NULL,NULL,0,2,14,9,NULL),(83,NULL,NULL,NULL,0,10,8,9,NULL),(84,NULL,NULL,NULL,0,19,9,9,NULL),(85,NULL,NULL,NULL,0,1,15,9,NULL),(86,NULL,NULL,NULL,0,6,20,9,NULL),(87,NULL,NULL,NULL,0,12,11,9,NULL),(88,NULL,NULL,NULL,0,4,13,9,NULL),(89,NULL,NULL,NULL,0,7,3,9,NULL),(90,NULL,NULL,NULL,0,16,18,9,NULL),(91,NULL,NULL,NULL,0,17,5,9,NULL),(92,NULL,NULL,NULL,0,5,8,10,NULL),(93,NULL,NULL,NULL,0,2,1,10,NULL),(94,NULL,NULL,NULL,0,9,4,10,NULL),(95,NULL,NULL,NULL,0,3,14,10,NULL),(96,NULL,NULL,NULL,0,19,6,10,NULL),(97,NULL,NULL,NULL,0,7,11,10,NULL),(98,NULL,NULL,NULL,0,18,12,10,NULL),(99,NULL,NULL,NULL,0,15,17,10,NULL),(100,NULL,NULL,NULL,0,13,16,10,NULL),(101,NULL,NULL,NULL,0,20,10,10,NULL),(102,NULL,NULL,NULL,0,8,20,11,NULL),(103,NULL,NULL,NULL,0,5,15,11,NULL),(104,NULL,NULL,NULL,0,14,19,11,NULL),(105,NULL,NULL,NULL,0,10,3,11,NULL),(106,NULL,NULL,NULL,0,1,4,11,NULL),(107,NULL,NULL,NULL,0,6,7,11,NULL),(108,NULL,NULL,NULL,0,12,9,11,NULL),(109,NULL,NULL,NULL,0,11,18,11,NULL),(110,NULL,NULL,NULL,0,16,2,11,NULL),(111,NULL,NULL,NULL,0,17,13,11,NULL),(112,NULL,NULL,NULL,0,8,11,12,NULL),(113,NULL,NULL,NULL,0,9,5,12,NULL),(114,NULL,NULL,NULL,0,3,16,12,NULL),(115,NULL,NULL,NULL,0,19,2,12,NULL),(116,NULL,NULL,NULL,0,4,14,12,NULL),(117,NULL,NULL,NULL,0,7,12,12,NULL),(118,NULL,NULL,NULL,0,18,6,12,NULL),(119,NULL,NULL,NULL,0,15,10,12,NULL),(120,NULL,NULL,NULL,0,13,1,12,NULL),(121,NULL,NULL,NULL,0,20,17,12,NULL),(122,NULL,NULL,NULL,0,5,18,13,NULL),(123,NULL,NULL,NULL,0,14,7,13,NULL),(124,NULL,NULL,NULL,0,2,4,13,NULL),(125,NULL,NULL,NULL,0,10,13,13,NULL),(126,NULL,NULL,NULL,0,1,9,13,NULL),(127,NULL,NULL,NULL,0,6,3,13,NULL),(128,NULL,NULL,NULL,0,12,20,13,NULL),(129,NULL,NULL,NULL,0,11,19,13,NULL),(130,NULL,NULL,NULL,0,16,15,13,NULL),(131,NULL,NULL,NULL,0,17,8,13,NULL),(132,NULL,NULL,NULL,0,8,12,14,NULL),(133,NULL,NULL,NULL,0,9,10,14,NULL),(134,NULL,NULL,NULL,0,3,1,14,NULL),(135,NULL,NULL,NULL,0,11,14,14,NULL),(136,NULL,NULL,NULL,0,4,6,14,NULL),(137,NULL,NULL,NULL,0,7,2,14,NULL),(138,NULL,NULL,NULL,0,15,19,14,NULL),(139,NULL,NULL,NULL,0,13,18,14,NULL),(140,NULL,NULL,NULL,0,20,5,14,NULL),(141,NULL,NULL,NULL,0,17,16,14,NULL),(142,NULL,NULL,NULL,0,14,13,15,NULL),(143,NULL,NULL,NULL,0,2,5,15,NULL),(144,NULL,NULL,NULL,0,10,11,15,NULL),(145,NULL,NULL,NULL,0,19,20,15,NULL),(146,NULL,NULL,NULL,0,1,7,15,NULL),(147,NULL,NULL,NULL,0,6,9,15,NULL),(148,NULL,NULL,NULL,0,12,17,15,NULL),(149,NULL,NULL,NULL,0,4,3,15,NULL),(150,NULL,NULL,NULL,0,18,15,15,NULL),(151,NULL,NULL,NULL,0,16,8,15,NULL),(152,NULL,NULL,NULL,0,8,4,16,NULL),(153,NULL,NULL,NULL,0,5,10,16,NULL),(154,NULL,NULL,NULL,0,9,14,16,NULL),(155,NULL,NULL,NULL,0,3,19,16,NULL),(156,NULL,NULL,NULL,0,11,1,16,NULL),(157,NULL,NULL,NULL,0,7,16,16,NULL),(158,NULL,NULL,NULL,0,15,12,16,NULL),(159,NULL,NULL,NULL,0,13,2,16,NULL),(160,NULL,NULL,NULL,0,20,18,16,NULL),(161,NULL,NULL,NULL,0,17,6,16,NULL),(162,NULL,NULL,NULL,0,14,8,17,NULL),(163,NULL,NULL,NULL,0,2,3,17,NULL),(164,NULL,NULL,NULL,0,19,13,17,NULL),(165,NULL,NULL,NULL,0,1,17,17,NULL),(166,NULL,NULL,NULL,0,6,15,17,NULL),(167,NULL,NULL,NULL,0,12,5,17,NULL),(168,NULL,NULL,NULL,0,4,11,17,NULL),(169,NULL,NULL,NULL,0,7,9,17,NULL),(170,NULL,NULL,NULL,0,18,10,17,NULL),(171,NULL,NULL,NULL,0,16,20,17,NULL),(172,NULL,NULL,NULL,0,8,1,18,NULL),(173,NULL,NULL,NULL,0,5,16,18,NULL),(174,NULL,NULL,NULL,0,9,18,18,NULL),(175,NULL,NULL,NULL,0,3,12,18,NULL),(176,NULL,NULL,NULL,0,10,19,18,NULL),(177,NULL,NULL,NULL,0,11,2,18,NULL),(178,NULL,NULL,NULL,0,15,14,18,NULL),(179,NULL,NULL,NULL,0,13,6,18,NULL),(180,NULL,NULL,NULL,0,20,4,18,NULL),(181,NULL,NULL,NULL,0,17,7,18,NULL),(182,NULL,NULL,NULL,0,14,17,19,NULL),(183,NULL,NULL,NULL,0,2,9,19,NULL),(184,NULL,NULL,NULL,0,19,1,19,NULL),(185,NULL,NULL,NULL,0,6,8,19,NULL),(186,NULL,NULL,NULL,0,12,13,19,NULL),(187,NULL,NULL,NULL,0,4,5,19,NULL),(188,NULL,NULL,NULL,0,7,10,19,NULL),(189,NULL,NULL,NULL,0,18,3,19,NULL),(190,NULL,NULL,NULL,0,15,20,19,NULL),(191,NULL,NULL,NULL,0,16,11,19,NULL),(192,NULL,NULL,NULL,0,8,19,20,NULL),(193,NULL,NULL,NULL,0,5,7,20,NULL),(194,NULL,NULL,NULL,0,9,16,20,NULL),(195,NULL,NULL,NULL,0,3,15,20,NULL),(196,NULL,NULL,NULL,0,10,14,20,NULL),(197,NULL,NULL,NULL,0,1,18,20,NULL),(198,NULL,NULL,NULL,0,11,12,20,NULL),(199,NULL,NULL,NULL,0,13,4,20,NULL),(200,NULL,NULL,NULL,0,20,6,20,NULL),(201,NULL,NULL,NULL,0,17,2,20,NULL),(202,NULL,NULL,NULL,0,14,5,21,NULL),(203,NULL,NULL,NULL,0,2,20,21,NULL),(204,NULL,NULL,NULL,0,3,9,21,NULL),(205,NULL,NULL,NULL,0,19,7,21,NULL),(206,NULL,NULL,NULL,0,6,11,21,NULL),(207,NULL,NULL,NULL,0,12,10,21,NULL),(208,NULL,NULL,NULL,0,4,1,21,NULL),(209,NULL,NULL,NULL,0,18,17,21,NULL),(210,NULL,NULL,NULL,0,15,8,21,NULL),(211,NULL,NULL,NULL,0,16,13,21,NULL),(212,NULL,NULL,NULL,0,8,2,22,NULL),(213,NULL,NULL,NULL,0,5,9,22,NULL),(214,NULL,NULL,NULL,0,14,18,22,NULL),(215,NULL,NULL,NULL,0,10,15,22,NULL),(216,NULL,NULL,NULL,0,19,16,22,NULL),(217,NULL,NULL,NULL,0,1,6,22,NULL),(218,NULL,NULL,NULL,0,7,4,22,NULL),(219,NULL,NULL,NULL,0,13,3,22,NULL),(220,NULL,NULL,NULL,0,20,12,22,NULL),(221,NULL,NULL,NULL,0,17,11,22,NULL),(222,NULL,NULL,NULL,0,2,7,23,NULL),(223,NULL,NULL,NULL,0,9,20,23,NULL),(224,NULL,NULL,NULL,0,3,8,23,NULL),(225,NULL,NULL,NULL,0,6,14,23,NULL),(226,NULL,NULL,NULL,0,12,1,23,NULL),(227,NULL,NULL,NULL,0,11,5,23,NULL),(228,NULL,NULL,NULL,0,4,10,23,NULL),(229,NULL,NULL,NULL,0,18,19,23,NULL),(230,NULL,NULL,NULL,0,15,13,23,NULL),(231,NULL,NULL,NULL,0,16,17,23,NULL),(232,NULL,NULL,NULL,0,8,18,24,NULL),(233,NULL,NULL,NULL,0,5,6,24,NULL),(234,NULL,NULL,NULL,0,14,2,24,NULL),(235,NULL,NULL,NULL,0,10,16,24,NULL),(236,NULL,NULL,NULL,0,19,4,24,NULL),(237,NULL,NULL,NULL,0,1,3,24,NULL),(238,NULL,NULL,NULL,0,7,15,24,NULL),(239,NULL,NULL,NULL,0,13,9,24,NULL),(240,NULL,NULL,NULL,0,20,11,24,NULL),(241,NULL,NULL,NULL,0,17,12,24,NULL),(242,NULL,NULL,NULL,0,8,5,26,NULL),(243,NULL,NULL,NULL,0,14,11,26,NULL),(244,NULL,NULL,NULL,0,10,6,26,NULL),(245,NULL,NULL,NULL,0,19,3,26,NULL),(246,NULL,NULL,NULL,0,1,13,26,NULL),(247,NULL,NULL,NULL,0,12,15,26,NULL),(248,NULL,NULL,NULL,0,4,2,26,NULL),(249,NULL,NULL,NULL,0,7,18,26,NULL),(250,NULL,NULL,NULL,0,20,16,26,NULL),(251,NULL,NULL,NULL,0,17,9,26,NULL),(252,NULL,NULL,NULL,0,5,12,27,NULL),(253,NULL,NULL,NULL,0,2,19,27,NULL),(254,NULL,NULL,NULL,0,9,7,27,NULL),(255,NULL,NULL,NULL,0,3,4,27,NULL),(256,NULL,NULL,NULL,0,6,18,27,NULL),(257,NULL,NULL,NULL,0,11,8,27,NULL),(258,NULL,NULL,NULL,0,15,1,27,NULL),(259,NULL,NULL,NULL,0,13,20,27,NULL),(260,NULL,NULL,NULL,0,16,14,27,NULL),(261,NULL,NULL,NULL,0,17,10,27,NULL),(262,NULL,NULL,NULL,0,8,17,28,NULL),(263,NULL,NULL,NULL,0,14,9,28,NULL),(264,NULL,NULL,NULL,0,10,5,28,NULL),(265,NULL,NULL,NULL,0,19,11,28,NULL),(266,NULL,NULL,NULL,0,1,2,28,NULL),(267,NULL,NULL,NULL,0,12,3,28,NULL),(268,NULL,NULL,NULL,0,4,16,28,NULL),(269,NULL,NULL,NULL,0,7,6,28,NULL),(270,NULL,NULL,NULL,0,18,13,28,NULL),(271,NULL,NULL,NULL,0,20,15,28,NULL),(272,NULL,NULL,NULL,0,8,14,29,NULL),(273,NULL,NULL,NULL,0,5,20,29,NULL),(274,NULL,NULL,NULL,0,9,19,29,NULL),(275,NULL,NULL,NULL,0,3,2,29,NULL),(276,NULL,NULL,NULL,0,6,4,29,NULL),(277,NULL,NULL,NULL,0,11,7,29,NULL),(278,NULL,NULL,NULL,0,15,18,29,NULL),(279,NULL,NULL,NULL,0,13,10,29,NULL),(280,NULL,NULL,NULL,0,16,12,29,NULL),(281,NULL,NULL,NULL,0,17,1,29,NULL),(282,NULL,NULL,NULL,0,5,17,25,NULL),(283,NULL,NULL,NULL,0,2,13,25,NULL),(284,NULL,NULL,NULL,0,9,8,25,NULL),(285,NULL,NULL,NULL,0,3,7,25,NULL),(286,NULL,NULL,NULL,0,6,19,25,NULL),(287,NULL,NULL,NULL,0,12,14,25,NULL),(288,NULL,NULL,NULL,0,11,10,25,NULL),(289,NULL,NULL,NULL,0,18,20,25,NULL),(290,NULL,NULL,NULL,0,15,4,25,NULL),(291,NULL,NULL,NULL,0,16,1,25,NULL),(292,NULL,NULL,NULL,0,14,3,30,NULL),(293,NULL,NULL,NULL,0,2,15,30,NULL),(294,NULL,NULL,NULL,0,10,20,30,NULL),(295,NULL,NULL,NULL,0,19,5,30,NULL),(296,NULL,NULL,NULL,0,1,11,30,NULL),(297,NULL,NULL,NULL,0,6,17,30,NULL),(298,NULL,NULL,NULL,0,12,8,30,NULL),(299,NULL,NULL,NULL,0,4,9,30,NULL),(300,NULL,NULL,NULL,0,7,13,30,NULL),(301,NULL,NULL,NULL,0,18,16,30,NULL),(302,NULL,NULL,NULL,0,8,10,31,NULL),(303,NULL,NULL,NULL,0,5,1,31,NULL),(304,NULL,NULL,NULL,0,9,2,31,NULL),(305,NULL,NULL,NULL,0,12,18,31,NULL),(306,NULL,NULL,NULL,0,11,4,31,NULL),(307,NULL,NULL,NULL,0,15,6,31,NULL),(308,NULL,NULL,NULL,0,13,19,31,NULL),(309,NULL,NULL,NULL,0,16,3,31,NULL),(310,NULL,NULL,NULL,0,20,7,31,NULL),(311,NULL,NULL,NULL,0,17,14,31,NULL),(312,NULL,NULL,NULL,0,2,16,32,NULL),(313,NULL,NULL,NULL,0,9,11,32,NULL),(314,NULL,NULL,NULL,0,3,20,32,NULL),(315,NULL,NULL,NULL,0,19,15,32,NULL),(316,NULL,NULL,NULL,0,1,10,32,NULL),(317,NULL,NULL,NULL,0,6,12,32,NULL),(318,NULL,NULL,NULL,0,4,8,32,NULL),(319,NULL,NULL,NULL,0,7,17,32,NULL),(320,NULL,NULL,NULL,0,18,5,32,NULL),(321,NULL,NULL,NULL,0,13,14,32,NULL),(322,NULL,NULL,NULL,0,8,6,33,NULL),(323,NULL,NULL,NULL,0,5,2,33,NULL),(324,NULL,NULL,NULL,0,14,1,33,NULL),(325,NULL,NULL,NULL,0,10,18,33,NULL),(326,NULL,NULL,NULL,0,12,4,33,NULL),(327,NULL,NULL,NULL,0,11,13,33,NULL),(328,NULL,NULL,NULL,0,15,9,33,NULL),(329,NULL,NULL,NULL,0,16,7,33,NULL),(330,NULL,NULL,NULL,0,20,19,33,NULL),(331,NULL,NULL,NULL,0,17,3,33,NULL),(332,NULL,NULL,NULL,0,2,10,34,NULL),(333,NULL,NULL,NULL,0,9,12,34,NULL),(334,NULL,NULL,NULL,0,3,6,34,NULL),(335,NULL,NULL,NULL,0,19,17,34,NULL),(336,NULL,NULL,NULL,0,1,8,34,NULL),(337,NULL,NULL,NULL,0,4,20,34,NULL),(338,NULL,NULL,NULL,0,7,14,34,NULL),(339,NULL,NULL,NULL,0,18,11,34,NULL),(340,NULL,NULL,NULL,0,15,16,34,NULL),(341,NULL,NULL,NULL,0,13,5,34,NULL),(342,NULL,NULL,NULL,0,8,16,35,NULL),(343,NULL,NULL,NULL,0,5,4,35,NULL),(344,NULL,NULL,NULL,0,14,15,35,NULL),(345,NULL,NULL,NULL,0,10,9,35,NULL),(346,NULL,NULL,NULL,0,1,19,35,NULL),(347,NULL,NULL,NULL,0,6,13,35,NULL),(348,NULL,NULL,NULL,0,12,7,35,NULL),(349,NULL,NULL,NULL,0,11,3,35,NULL),(350,NULL,NULL,NULL,0,18,2,35,NULL),(351,NULL,NULL,NULL,0,17,20,35,NULL),(352,NULL,NULL,NULL,0,15,5,36,NULL),(353,NULL,NULL,NULL,0,13,12,36,NULL),(354,NULL,NULL,NULL,0,16,6,36,NULL),(355,NULL,NULL,NULL,0,20,14,36,NULL),(356,NULL,NULL,NULL,0,2,11,36,NULL),(357,NULL,NULL,NULL,0,9,1,36,NULL),(358,NULL,NULL,NULL,0,3,18,36,NULL),(359,NULL,NULL,NULL,0,19,10,36,NULL),(360,NULL,NULL,NULL,0,4,17,36,NULL),(361,NULL,NULL,NULL,0,7,8,36,NULL),(362,NULL,NULL,NULL,0,8,13,37,NULL),(363,NULL,NULL,NULL,0,5,3,37,NULL),(364,NULL,NULL,NULL,0,14,4,37,NULL),(365,NULL,NULL,NULL,0,10,7,37,NULL),(366,NULL,NULL,NULL,0,1,20,37,NULL),(367,NULL,NULL,NULL,0,6,2,37,NULL),(368,NULL,NULL,NULL,0,12,19,37,NULL),(369,NULL,NULL,NULL,0,11,16,37,NULL),(370,NULL,NULL,NULL,0,18,9,37,NULL),(371,NULL,NULL,NULL,0,17,15,37,NULL),(372,NULL,NULL,NULL,0,2,12,38,NULL),(373,NULL,NULL,NULL,0,9,6,38,NULL),(374,NULL,NULL,NULL,0,3,10,38,NULL),(375,NULL,NULL,NULL,0,19,14,38,NULL),(376,NULL,NULL,NULL,0,4,18,38,NULL),(377,NULL,NULL,NULL,0,7,1,38,NULL),(378,NULL,NULL,NULL,0,15,11,38,NULL),(379,NULL,NULL,NULL,0,13,17,38,NULL),(380,NULL,NULL,NULL,0,16,5,38,NULL),(381,NULL,NULL,NULL,0,20,8,38,NULL);
/*!40000 ALTER TABLE `partido` ENABLE KEYS */;
UNLOCK TABLES;

--
-- Table structure for table `tarjeta`
--

DROP TABLE IF EXISTS `tarjeta`;
/*!40101 SET @saved_cs_client     = @@character_set_client */;
/*!50503 SET character_set_client = utf8mb4 */;
CREATE TABLE `tarjeta` (
  `id_tarjeta` int(10) unsigned NOT NULL AUTO_INCREMENT,
  `minuto` tinyint(3) unsigned NOT NULL,
  `tipo` tinyint(1) unsigned DEFAULT NULL,
  `id_jugador` mediumint(8) unsigned DEFAULT NULL,
  `id_partido` smallint(5) unsigned DEFAULT NULL,
  PRIMARY KEY (`id_tarjeta`),
  KEY `tarjeta_fk` (`id_partido`),
  KEY `tarjeta_fk_1` (`id_jugador`),
  CONSTRAINT `tarjeta_fk` FOREIGN KEY (`id_partido`) REFERENCES `partido` (`id_partido`) ON DELETE CASCADE ON UPDATE CASCADE,
  CONSTRAINT `tarjeta_fk_1` FOREIGN KEY (`id_jugador`) REFERENCES `jugador` (`id_jugador`) ON DELETE SET NULL ON UPDATE CASCADE
) ENGINE=InnoDB DEFAULT CHARSET=utf8mb4 COLLATE=utf8mb4_0900_ai_ci;
/*!40101 SET character_set_client = @saved_cs_client */;

--
-- Dumping data for table `tarjeta`
--

LOCK TABLES `tarjeta` WRITE;
/*!40000 ALTER TABLE `tarjeta` DISABLE KEYS */;
/*!40000 ALTER TABLE `tarjeta` ENABLE KEYS */;
UNLOCK TABLES;

--
-- Dumping routines for database 'liga1920'
--
/*!40103 SET TIME_ZONE=@OLD_TIME_ZONE */;

/*!40101 SET SQL_MODE=@OLD_SQL_MODE */;
/*!40014 SET FOREIGN_KEY_CHECKS=@OLD_FOREIGN_KEY_CHECKS */;
/*!40014 SET UNIQUE_CHECKS=@OLD_UNIQUE_CHECKS */;
/*!40101 SET CHARACTER_SET_CLIENT=@OLD_CHARACTER_SET_CLIENT */;
/*!40101 SET CHARACTER_SET_RESULTS=@OLD_CHARACTER_SET_RESULTS */;
/*!40101 SET COLLATION_CONNECTION=@OLD_COLLATION_CONNECTION */;
/*!40111 SET SQL_NOTES=@OLD_SQL_NOTES */;

-- Dump completed on 2020-01-06 16:25:53
